,mape_wind_speed,hour
2022-09-22 21:00:00+00:00,1756.6568109134287,21
2022-09-22 22:00:00+00:00,1625.4203380424876,22
2022-09-22 23:00:00+00:00,4083.954534360727,23
2022-09-23 00:00:00+00:00,67825.22106293793,0
2022-09-23 01:00:00+00:00,17448.343578650045,1
2022-09-23 02:00:00+00:00,1174.3057260402552,2
2022-09-23 03:00:00+00:00,2115.5235941351357,3
2022-09-23 04:00:00+00:00,2039.5951640548012,4
2022-09-23 05:00:00+00:00,1007.41501649774,5
2022-09-23 06:00:00+00:00,828.7947068742733,6
2022-09-23 07:00:00+00:00,382.78732696315035,7
2022-09-23 08:00:00+00:00,271.6327008019413,8
2022-09-23 09:00:00+00:00,342.77448876998244,9
2022-09-23 10:00:00+00:00,470.62541615533274,10
2022-09-23 11:00:00+00:00,400.5943813346232,11
2022-09-23 12:00:00+00:00,520.6087543883596,12
2022-09-23 13:00:00+00:00,597.2292400512546,13
2022-09-23 14:00:00+00:00,1062.7374085882823,14
2022-09-23 15:00:00+00:00,7596.243874382955,15
2022-09-23 16:00:00+00:00,35198.806293056005,16
2022-09-23 17:00:00+00:00,12386.294166349662,17
2022-09-23 18:00:00+00:00,2546.5729488941074,18
2022-09-23 19:00:00+00:00,3465.437420550571,19
2022-09-23 20:00:00+00:00,849.3256794306783,20
2022-09-23 21:00:00+00:00,924.5030017023215,21
2022-09-23 22:00:00+00:00,1603.5783765202282,22
2022-09-23 23:00:00+00:00,2475.399416855989,23
2022-09-24 00:00:00+00:00,1720.238705712418,0
2022-09-24 01:00:00+00:00,1106.5745267659806,1
2022-09-24 02:00:00+00:00,1233.4678814438937,2
2022-09-24 03:00:00+00:00,867.0726165041879,3
2022-09-24 04:00:00+00:00,722.5802187084118,4
2022-09-24 05:00:00+00:00,1516.649954868522,5
2022-09-24 06:00:00+00:00,3340.9024995698874,6
2022-09-24 07:00:00+00:00,802.6126607006477,7
2022-09-24 08:00:00+00:00,1179.5682305681055,8
2022-09-24 09:00:00+00:00,590.9900959324584,9
2022-09-24 10:00:00+00:00,625.8843463300888,10
2022-09-24 11:00:00+00:00,557.0185416990713,11
2022-09-24 12:00:00+00:00,610.7746042017225,12
2022-09-24 13:00:00+00:00,995.5680816602891,13
2022-09-24 14:00:00+00:00,711.0341339267351,14
2022-09-24 15:00:00+00:00,2557.502252685602,15
2022-09-24 16:00:00+00:00,96058.81714315258,16
2022-09-24 17:00:00+00:00,369715.0924537732,17
2022-09-24 18:00:00+00:00,1838.4600070378326,18
2022-09-24 19:00:00+00:00,1129.5293062740886,19
2022-09-24 20:00:00+00:00,1298.5233923848734,20
2022-09-24 21:00:00+00:00,1237.6211522491542,21
2022-09-24 22:00:00+00:00,957.4058059131643,22
2022-09-24 23:00:00+00:00,608.1081331698501,23
2022-09-25 00:00:00+00:00,810.5008431360848,0
2022-09-25 01:00:00+00:00,437.2740251034892,1
2022-09-25 02:00:00+00:00,618.4086222718646,2
2022-09-25 03:00:00+00:00,669.4335206003229,3
2022-09-25 04:00:00+00:00,338.1695408220061,4
2022-09-25 05:00:00+00:00,796.1593516650398,5
2022-09-25 06:00:00+00:00,3455.9143505170496,6
2022-09-25 07:00:00+00:00,1220.2442808742396,7
2022-09-25 08:00:00+00:00,947.8227623195651,8
2022-09-25 09:00:00+00:00,1000.2763081269281,9
2022-09-25 10:00:00+00:00,516.6630123673341,10
2022-09-25 11:00:00+00:00,453.70750824887017,11
2022-09-25 12:00:00+00:00,474.9745189595689,12
2022-09-25 13:00:00+00:00,638.3138407436221,13
2022-09-25 14:00:00+00:00,908.9864472422978,14
2022-09-25 15:00:00+00:00,1145.516340775187,15
2022-09-25 16:00:00+00:00,1949.8886257959093,16
2022-09-25 17:00:00+00:00,363631.1778893163,17
2022-09-25 18:00:00+00:00,18651.187786388495,18
2022-09-25 19:00:00+00:00,2899.8520343253344,19
2022-09-25 20:00:00+00:00,1109.7697548920064,20
2022-09-25 21:00:00+00:00,997.7774710970873,21
2022-09-25 22:00:00+00:00,844.3426960090674,22
2022-09-25 23:00:00+00:00,1173.2730803687675,23
2022-09-26 00:00:00+00:00,1912.9034363979183,0
2022-09-26 01:00:00+00:00,3410.9027764598713,1
2022-09-26 02:00:00+00:00,1807.414335240558,2
2022-09-26 03:00:00+00:00,981.7009360898247,3
2022-09-26 04:00:00+00:00,1794.5021659910922,4
2022-09-26 05:00:00+00:00,4446.463230478623,5
2022-09-26 06:00:00+00:00,4950.585481159269,6
2022-09-26 07:00:00+00:00,3841.691126267852,7
2022-09-26 08:00:00+00:00,2462.2716972294866,8
2022-09-26 09:00:00+00:00,1435.294015682561,9
2022-09-26 10:00:00+00:00,697.960424595028,10
2022-09-26 11:00:00+00:00,757.4501928941067,11
2022-09-26 12:00:00+00:00,363.06207374910144,12
2022-09-26 13:00:00+00:00,828.2766230885395,13
2022-09-26 14:00:00+00:00,1370.654318617258,14
2022-09-26 15:00:00+00:00,1958.127897815495,15
2022-09-26 16:00:00+00:00,2770.244767233493,16
2022-09-26 17:00:00+00:00,840.384959149734,17
2022-09-26 18:00:00+00:00,663.9317954026365,18
2022-09-26 19:00:00+00:00,10878.762587210333,19
2022-09-26 20:00:00+00:00,3416.526730329665,20
2022-09-26 21:00:00+00:00,7154.437297480294,21
2022-09-26 22:00:00+00:00,1589.7227007582862,22
2022-09-26 23:00:00+00:00,9352.900508171331,23
2022-09-27 00:00:00+00:00,22208.845577211396,0
2022-09-27 01:00:00+00:00,2546.5729488941074,1
2022-09-27 02:00:00+00:00,2040.1425150816763,2
2022-09-27 03:00:00+00:00,1116.6691523348275,3
2022-09-27 04:00:00+00:00,902.6617960789148,4
2022-09-27 05:00:00+00:00,494.55802645301156,5
2022-09-27 06:00:00+00:00,367.43007261905177,6
2022-09-27 07:00:00+00:00,268.07695129488064,7
2022-09-27 08:00:00+00:00,339.8200458153764,8
2022-09-27 09:00:00+00:00,521.7701909366633,9
2022-09-27 10:00:00+00:00,329.9990308880701,10
2022-09-27 11:00:00+00:00,459.60362586178746,11
2022-09-27 12:00:00+00:00,970.3590135819159,12
2022-09-27 13:00:00+00:00,752.8727308350949,13
2022-09-27 14:00:00+00:00,792.1956392129629,14
2022-09-27 15:00:00+00:00,600.444222041134,15
2022-09-27 16:00:00+00:00,7959.374861156604,16
2022-09-27 17:00:00+00:00,5762.520736828503,17
2022-09-27 18:00:00+00:00,5962.542499242183,18
2022-09-27 19:00:00+00:00,8142.184326555933,19
2022-09-27 20:00:00+00:00,4324.017499446998,20
2022-09-27 21:00:00+00:00,11072.298466151542,21
2022-09-27 22:00:00+00:00,12367.685680259721,22
2022-09-27 23:00:00+00:00,1036.1446772773368,23
2022-09-28 00:00:00+00:00,2691.0573015379105,0
2022-09-28 01:00:00+00:00,3327.740300807372,1
2022-09-28 02:00:00+00:00,485.75363481050164,2
2022-09-28 03:00:00+00:00,1048.013049081658,3
2022-09-28 04:00:00+00:00,732.7791799256596,4
2022-09-28 05:00:00+00:00,8131.178528382867,5
2022-09-28 06:00:00+00:00,1412.7571349460404,6
2022-09-28 07:00:00+00:00,684.7072573580003,7
2022-09-28 08:00:00+00:00,498.4560477469257,8
2022-09-28 09:00:00+00:00,630.1650819928245,9
2022-09-28 10:00:00+00:00,989.5828459825832,10
2022-09-28 11:00:00+00:00,758.8252840010548,11
2022-09-28 12:00:00+00:00,513.1498894352296,12
2022-09-28 13:00:00+00:00,1110.1989986068747,13
2022-09-28 14:00:00+00:00,1935.3681896248024,14
2022-09-28 15:00:00+00:00,1803.2656652374314,15
2022-09-28 16:00:00+00:00,2427.372579109191,16
2022-09-28 17:00:00+00:00,1841.9259053646608,17
2022-09-28 18:00:00+00:00,4829.76846874147,18
2022-09-28 19:00:00+00:00,6033.296987869702,19
2022-09-28 20:00:00+00:00,1042.580100269124,20
2022-09-28 21:00:00+00:00,2011.8882183273843,21
2022-09-28 22:00:00+00:00,2912.8476431640643,22
2022-09-28 23:00:00+00:00,2080.727817909227,23
2022-09-29 00:00:00+00:00,2080.727817909227,0
2022-09-29 01:00:00+00:00,2080.727817909227,1
2022-09-29 02:00:00+00:00,2080.727817909227,2
2022-09-29 03:00:00+00:00,2080.727817909227,3
2022-09-29 04:00:00+00:00,2080.727817909227,4
2022-09-29 05:00:00+00:00,2080.727817909227,5
2022-09-29 06:00:00+00:00,2080.727817909227,6
2022-09-29 07:00:00+00:00,2080.727817909227,7
2022-09-29 08:00:00+00:00,2080.727817909227,8
2022-09-29 09:00:00+00:00,2080.727817909227,9
2022-09-29 10:00:00+00:00,2080.727817909227,10
2022-09-29 11:00:00+00:00,2080.727817909227,11
2022-09-29 12:00:00+00:00,2080.727817909227,12
2022-09-29 13:00:00+00:00,2080.727817909227,13
2022-09-29 14:00:00+00:00,2080.727817909227,14
2022-09-29 15:00:00+00:00,2080.727817909227,15
2022-09-29 16:00:00+00:00,2080.727817909227,16
2022-09-29 17:00:00+00:00,2080.727817909227,17
2022-09-29 18:00:00+00:00,2080.727817909227,18
2022-09-29 19:00:00+00:00,2080.727817909227,19
2022-09-29 20:00:00+00:00,2080.727817909227,20
2022-09-29 21:00:00+00:00,2080.727817909227,21
2022-09-29 22:00:00+00:00,2080.727817909227,22
2022-09-29 23:00:00+00:00,2080.727817909227,23
2022-09-30 00:00:00+00:00,730.5822356752375,0
2022-09-30 01:00:00+00:00,794.1216292812061,1
2022-09-30 02:00:00+00:00,503.79734620284245,2
2022-09-30 03:00:00+00:00,791.5896034283744,3
2022-09-30 04:00:00+00:00,466.64581095279135,4
2022-09-30 05:00:00+00:00,799.7934122962848,5
2022-09-30 06:00:00+00:00,10602.044476154208,6
2022-09-30 07:00:00+00:00,3211.953490710266,7
2022-09-30 08:00:00+00:00,1151.960064729719,8
2022-09-30 09:00:00+00:00,744.6907402518451,9
2022-09-30 10:00:00+00:00,682.1444550723891,10
2022-09-30 11:00:00+00:00,864.5486375822907,11
2022-09-30 12:00:00+00:00,999.9127006225901,12
2022-09-30 13:00:00+00:00,862.1411261016991,13
2022-09-30 14:00:00+00:00,618.1650301184502,14
2022-09-30 15:00:00+00:00,1379.8711102733007,15
2022-09-30 16:00:00+00:00,38601.57944283672,16
2022-09-30 17:00:00+00:00,6247.357429024488,17
2022-09-30 18:00:00+00:00,1402.4815178617587,18
2022-09-30 19:00:00+00:00,911.3448289528892,19
2022-09-30 20:00:00+00:00,1237.7555595192757,20
2022-09-30 21:00:00+00:00,1269.6855276065671,21
2022-09-30 22:00:00+00:00,1084.4611502078144,22
2022-09-30 23:00:00+00:00,1585.2333327007382,23
2022-10-01 00:00:00+00:00,1810.8764484820178,0
2022-10-01 01:00:00+00:00,751.7427297347051,1
2022-10-01 02:00:00+00:00,1899.4782723361072,2
2022-10-01 03:00:00+00:00,3282.4551139064615,3
2022-10-01 04:00:00+00:00,3190.4951379969934,4
2022-10-01 05:00:00+00:00,3789.946918432675,5
2022-10-01 06:00:00+00:00,3537.5254995453097,6
2022-10-01 07:00:00+00:00,565.9335398327248,7
2022-10-01 08:00:00+00:00,1146.9013018243354,8
2022-10-01 09:00:00+00:00,3580.5178580969086,9
2022-10-01 10:00:00+00:00,1026.848831537284,10
2022-10-01 11:00:00+00:00,640.1831080155853,11
2022-10-01 12:00:00+00:00,710.484120466409,12
2022-10-01 13:00:00+00:00,1090.1081640347882,13
2022-10-01 14:00:00+00:00,1563.751978047467,14
2022-10-01 15:00:00+00:00,1463.516538853298,15
2022-10-01 16:00:00+00:00,260945.9476144281,16
2022-10-01 17:00:00+00:00,17549.40258828173,17
2022-10-01 18:00:00+00:00,98321.37754652087,18
2022-10-01 19:00:00+00:00,418190.85457271367,19
2022-10-01 20:00:00+00:00,7206.390472885829,20
2022-10-01 21:00:00+00:00,1184.8349139105346,21
2022-10-01 22:00:00+00:00,8304.88846485848,22
2022-10-01 23:00:00+00:00,1675.8774371356462,23
2022-10-02 00:00:00+00:00,983.6778268126627,0
2022-10-02 01:00:00+00:00,1406.9434796637297,1
2022-10-02 02:00:00+00:00,805.391460114099,2
2022-10-02 03:00:00+00:00,670.8299172076175,3
2022-10-02 04:00:00+00:00,1107.5371090436308,4
2022-10-02 05:00:00+00:00,1256.9857407062893,5
2022-10-02 06:00:00+00:00,817.3180979560749,6
2022-10-02 07:00:00+00:00,708.3329593929793,7
2022-10-02 08:00:00+00:00,760.4241794309979,8
2022-10-02 09:00:00+00:00,785.7077268806196,9
2022-10-02 10:00:00+00:00,908.3421691965457,10
2022-10-02 11:00:00+00:00,987.7625439845606,11
2022-10-02 12:00:00+00:00,1114.8097788466157,12
2022-10-02 13:00:00+00:00,1121.8372310388115,13
2022-10-02 14:00:00+00:00,1105.9187797405643,14
2022-10-02 15:00:00+00:00,1374.8358622284072,15
2022-10-02 16:00:00+00:00,7167.963283740354,16
2022-10-02 17:00:00+00:00,2221.258904399077,17
2022-10-02 18:00:00+00:00,5594.906120799369,18
2022-10-02 19:00:00+00:00,18913.220662396074,19
2022-10-02 20:00:00+00:00,3728.7492409401707,20
2022-10-02 21:00:00+00:00,1213.8859277135473,21
2022-10-02 22:00:00+00:00,812.1227273455627,22
2022-10-02 23:00:00+00:00,992.6906868299271,23
2022-10-03 00:00:00+00:00,1678.7716311335857,0
2022-10-03 01:00:00+00:00,373.8519123126364,1
2022-10-03 02:00:00+00:00,310.0450698637376,2
2022-10-03 03:00:00+00:00,293.4668202014373,3
2022-10-03 04:00:00+00:00,508.24850732528483,4
2022-10-03 05:00:00+00:00,2260.5218667262116,5
2022-10-03 06:00:00+00:00,2340.128909152462,6
2022-10-03 07:00:00+00:00,820.9289322432019,7
2022-10-03 08:00:00+00:00,873.0502722368776,8
2022-10-03 09:00:00+00:00,813.0834256607421,9
2022-10-03 10:00:00+00:00,697.5800449474949,10
2022-10-03 11:00:00+00:00,544.3603185500692,11
2022-10-03 12:00:00+00:00,443.4461314530097,12
2022-10-03 13:00:00+00:00,717.8528782338717,13
2022-10-03 14:00:00+00:00,2019.0593158429274,14
2022-10-03 15:00:00+00:00,567.0011687543001,15
2022-10-03 16:00:00+00:00,449.6536109353668,16
2022-10-03 17:00:00+00:00,333.5275918831137,17
2022-10-03 18:00:00+00:00,413.579235482557,18
2022-10-03 19:00:00+00:00,604.2606500389246,19
2022-10-03 20:00:00+00:00,842.2485133766041,20
2022-10-03 21:00:00+00:00,1301.8059200461428,21
2022-10-03 22:00:00+00:00,1072.5685510248222,22
2022-10-03 23:00:00+00:00,646.3241383329012,23
2022-10-04 00:00:00+00:00,466.9434190467792,0
2022-10-04 01:00:00+00:00,487.31883396575927,1
2022-10-04 02:00:00+00:00,523.5952720616958,2
2022-10-04 03:00:00+00:00,694.478635920741,3
2022-10-04 04:00:00+00:00,2752.04441481059,4
2022-10-04 05:00:00+00:00,3056.912109982745,5
2022-10-04 06:00:00+00:00,693.720786665491,6
2022-10-04 07:00:00+00:00,596.5474360831444,7
2022-10-04 08:00:00+00:00,856.6932544075763,8
2022-10-04 09:00:00+00:00,1233.9094970362448,9
2022-10-04 10:00:00+00:00,1061.2161647043902,10
2022-10-04 11:00:00+00:00,1299.1952830858042,11
2022-10-04 12:00:00+00:00,1217.3541428448643,12
2022-10-04 13:00:00+00:00,1286.5488408273927,13
2022-10-04 14:00:00+00:00,905.6026247775587,14
2022-10-04 15:00:00+00:00,2839.5768002507907,15
2022-10-04 16:00:00+00:00,3062.2912178307815,16
2022-10-04 17:00:00+00:00,1122.5364739813347,17
2022-10-04 18:00:00+00:00,11885.411305808413,18
2022-10-04 19:00:00+00:00,1920.2407851857704,19
2022-10-04 20:00:00+00:00,781.0760496528987,20
2022-10-04 21:00:00+00:00,1439.6453716604594,21
2022-10-04 22:00:00+00:00,3895.137101936139,22
2022-10-04 23:00:00+00:00,1791.0074799851434,23
2022-10-05 00:00:00+00:00,1275.3453851586605,0
2022-10-05 01:00:00+00:00,1215.5868991121674,1
2022-10-05 02:00:00+00:00,1338.1669402534421,2
2022-10-05 03:00:00+00:00,842.0965193079137,3
2022-10-05 04:00:00+00:00,1098.36944441402,4
2022-10-05 05:00:00+00:00,956.6902982764018,5
2022-10-05 06:00:00+00:00,550.6312872495157,6
2022-10-05 07:00:00+00:00,365.5991931291821,7
2022-10-05 08:00:00+00:00,313.21312930607127,8
2022-10-05 09:00:00+00:00,1552.8048517118564,9
2022-10-05 10:00:00+00:00,1483.2863422066384,10
2022-10-05 11:00:00+00:00,1166.0083043301477,11
2022-10-05 12:00:00+00:00,1094.0218231691329,12
2022-10-05 13:00:00+00:00,545.9652269934901,13
2022-10-05 14:00:00+00:00,1114.9022787473532,14
2022-10-05 15:00:00+00:00,1727.3956075697406,15
2022-10-05 16:00:00+00:00,46119.9839306866,16
2022-10-05 17:00:00+00:00,3656.541127729803,17
2022-10-05 18:00:00+00:00,3493.564042720908,18
2022-10-05 19:00:00+00:00,972.1004451872952,19
2022-10-05 20:00:00+00:00,3407.2031950305145,20
2022-10-05 21:00:00+00:00,2564.3738649407287,21
2022-10-05 22:00:00+00:00,5238.148888667134,22
2022-10-05 23:00:00+00:00,123171.69748459103,23
2022-10-06 00:00:00+00:00,166316.7916041979,0
2022-10-06 01:00:00+00:00,5365.247671730638,1
2022-10-06 02:00:00+00:00,2151.9186955913115,2
2022-10-06 03:00:00+00:00,1644.868064002075,3
2022-10-06 04:00:00+00:00,2689.887537371298,4
2022-10-06 05:00:00+00:00,3068.3349186901078,5
2022-10-06 06:00:00+00:00,16968.38888248184,6
2022-10-06 07:00:00+00:00,1128.8483781000398,7
2022-10-06 08:00:00+00:00,628.0649312574526,8
2022-10-06 09:00:00+00:00,583.7900447088795,9
2022-10-06 10:00:00+00:00,761.2591103852913,10
2022-10-06 11:00:00+00:00,1098.36944441402,11
2022-10-06 12:00:00+00:00,1200.4534574000115,12
2022-10-06 13:00:00+00:00,1001.2000910167529,13
2022-10-06 14:00:00+00:00,2496.8810133294864,14
2022-10-06 15:00:00+00:00,475376.54744056537,15
2022-10-06 16:00:00+00:00,36745.04590779308,16
2022-10-06 17:00:00+00:00,26886.506746626685,17
2022-10-06 18:00:00+00:00,21685.982008995506,18
2022-10-06 19:00:00+00:00,3352.669043109481,19
2022-10-06 20:00:00+00:00,4074.5594268733894,20
2022-10-06 21:00:00+00:00,1879.4191490285523,21
2022-10-06 22:00:00+00:00,3267.881276752929,22
2022-10-06 23:00:00+00:00,4232.375500494186,23
2022-10-07 00:00:00+00:00,1571.49192636449,0
2022-10-07 01:00:00+00:00,1514.7108842799214,1
2022-10-07 02:00:00+00:00,6487.2575523262,2
2022-10-07 03:00:00+00:00,3803.7877234970947,3
2022-10-07 04:00:00+00:00,2031.4183672494962,4
2022-10-07 05:00:00+00:00,33862.61053146896,5
2022-10-07 06:00:00+00:00,7329.321053758837,6
2022-10-07 07:00:00+00:00,724.0494756335623,7
2022-10-07 08:00:00+00:00,386.59880586022786,8
2022-10-07 09:00:00+00:00,911.7547366756381,9
2022-10-07 10:00:00+00:00,959.3048478943215,10
2022-10-07 11:00:00+00:00,1052.8700492150876,11
2022-10-07 12:00:00+00:00,1703.6501980223761,12
2022-10-07 13:00:00+00:00,1415.6356248105456,13
2022-10-07 14:00:00+00:00,919.8148806303619,14
2022-10-07 15:00:00+00:00,8390.652632867239,15
2022-10-07 16:00:00+00:00,12077.317454809714,16
2022-10-07 17:00:00+00:00,3453.8730210086123,17
2022-10-07 18:00:00+00:00,2410.0571886002704,18
2022-10-07 19:00:00+00:00,787.9113864436331,19
2022-10-07 20:00:00+00:00,1047.702011063434,20
2022-10-07 21:00:00+00:00,1495.8648983908506,21
2022-10-07 22:00:00+00:00,2555.23401043794,22
2022-10-07 23:00:00+00:00,1294.0673642236475,23
2022-10-08 00:00:00+00:00,1550.9602341686302,0
2022-10-08 01:00:00+00:00,616.9771067289346,1
2022-10-08 02:00:00+00:00,1342.1646891984867,2
2022-10-08 03:00:00+00:00,1986.7776550829803,3
2022-10-08 04:00:00+00:00,906.0877290533883,4
2022-10-08 05:00:00+00:00,1085.847754089057,5
2022-10-08 06:00:00+00:00,7833.041353339078,6
2022-10-08 07:00:00+00:00,1286.5899420232079,7
2022-10-08 08:00:00+00:00,639.7123751714543,8
2022-10-08 09:00:00+00:00,567.8711311364815,9
2022-10-08 10:00:00+00:00,671.6090951858022,10
2022-10-08 11:00:00+00:00,520.7617078706487,11
2022-10-08 12:00:00+00:00,586.8668202032062,12
2022-10-08 13:00:00+00:00,531.7425893677438,13
2022-10-08 14:00:00+00:00,528.5808936891328,14
2022-10-08 15:00:00+00:00,26741.418000677084,15
2022-10-08 16:00:00+00:00,2453.3838374253614,16
2022-10-08 17:00:00+00:00,4352.623186734391,17
2022-10-08 18:00:00+00:00,1373.3669022062675,18
2022-10-08 19:00:00+00:00,848.3789235172983,19
2022-10-08 20:00:00+00:00,663.6018280082334,20
2022-10-08 21:00:00+00:00,742.2754914677494,21
2022-10-08 22:00:00+00:00,658.3142043309218,22
2022-10-08 23:00:00+00:00,658.4283738889363,23
2022-10-09 00:00:00+00:00,650.6304961064393,0
2022-10-09 01:00:00+00:00,704.1956033477513,1
2022-10-09 02:00:00+00:00,913.0378426674655,2
2022-10-09 03:00:00+00:00,1810.0922996177665,3
2022-10-09 04:00:00+00:00,2074.672219590956,4
2022-10-09 05:00:00+00:00,3101.8622723270405,5
2022-10-09 06:00:00+00:00,2687.5509481440185,6
2022-10-09 07:00:00+00:00,2502.2954121063003,7
2022-10-09 08:00:00+00:00,600.554795218682,8
2022-10-09 09:00:00+00:00,100.0,9
2022-10-09 10:00:00+00:00,100.0,10
2022-10-09 11:00:00+00:00,43.20447652168888,11
2022-10-09 12:00:00+00:00,270.14410943994193,12
2022-10-09 13:00:00+00:00,420.18600365244885,13
2022-10-09 14:00:00+00:00,539.3883069991275,14
2022-10-09 15:00:00+00:00,3624.762729944022,15
2022-10-09 16:00:00+00:00,11039.57002856761,16
2022-10-09 17:00:00+00:00,4106.041775492345,17
2022-10-09 18:00:00+00:00,3364.1064560887257,18
2022-10-09 19:00:00+00:00,4364.149995439848,19
2022-10-09 20:00:00+00:00,870.5017734608422,20
2022-10-09 21:00:00+00:00,804.5251130091063,21
2022-10-09 22:00:00+00:00,440.1545420727337,22
2022-10-09 23:00:00+00:00,991.7945980265567,23
2022-10-10 00:00:00+00:00,606.6182156502055,0
2022-10-10 01:00:00+00:00,443.4176115825581,1
2022-10-10 02:00:00+00:00,584.1615183173047,2
2022-10-10 03:00:00+00:00,1044.361939884215,3
2022-10-10 04:00:00+00:00,733.3339589594287,4
2022-10-10 05:00:00+00:00,4029.44892318109,5
2022-10-10 06:00:00+00:00,2617.088057912791,6
2022-10-10 07:00:00+00:00,2081.799955479488,7
2022-10-10 08:00:00+00:00,1536.825883673307,8
2022-10-10 09:00:00+00:00,482.4351091883818,9
2022-10-10 10:00:00+00:00,796.5214362515713,10
2022-10-10 11:00:00+00:00,677.4922947448209,11
2022-10-10 12:00:00+00:00,829.8785721642995,12
2022-10-10 13:00:00+00:00,817.9083927424043,13
2022-10-10 14:00:00+00:00,1187.6819158850792,14
2022-10-10 15:00:00+00:00,5954.271636350992,15
2022-10-10 16:00:00+00:00,34193.703588088654,16
2022-10-10 17:00:00+00:00,34193.703588088654,17
2022-10-10 18:00:00+00:00,34193.703588088654,18
2022-10-10 19:00:00+00:00,255925.83323722758,19
2022-10-10 20:00:00+00:00,11031.55796683598,20
2022-10-10 21:00:00+00:00,252046.6539457544,21
2022-10-10 22:00:00+00:00,252046.6539457544,22
2022-10-10 23:00:00+00:00,73050.2380677793,23
2022-10-11 00:00:00+00:00,25733.23722754007,0
2022-10-11 01:00:00+00:00,14501.394954696561,1
2022-10-11 02:00:00+00:00,9409.530948811309,2
2022-10-11 03:00:00+00:00,2381.9804862669334,3
2022-10-11 04:00:00+00:00,6935.5883363438625,4
2022-10-11 05:00:00+00:00,11436.692658869872,5
2022-10-11 06:00:00+00:00,6477.738798584897,6
2022-10-11 07:00:00+00:00,29253.74418054131,7
2022-10-11 08:00:00+00:00,30321.153059833716,8
2022-10-11 09:00:00+00:00,1627.5312960803547,9
2022-10-11 10:00:00+00:00,1500.1614577326723,10
2022-10-11 11:00:00+00:00,87043.92803598201,11
2022-10-11 12:00:00+00:00,398272.2424502035,12
2022-10-11 13:00:00+00:00,2406.2363964812084,13
2022-10-11 14:00:00+00:00,2233.2182489197044,14
2022-10-11 15:00:00+00:00,19028.36685105723,15
2022-10-11 16:00:00+00:00,55838.41734594887,16
2022-10-11 17:00:00+00:00,44575.64875280481,17
2022-10-11 18:00:00+00:00,5526.941389829177,18
2022-10-11 19:00:00+00:00,5451.852930915694,19
2022-10-11 20:00:00+00:00,266166.8665667167,20
2022-10-11 21:00:00+00:00,8212.675345495569,21
2022-10-11 22:00:00+00:00,8212.675345495569,22
2022-10-11 23:00:00+00:00,8212.675345495569,23
2022-10-12 00:00:00+00:00,8212.675345495569,0
2022-10-12 01:00:00+00:00,8212.675345495569,1
2022-10-12 02:00:00+00:00,8212.675345495569,2
2022-10-12 03:00:00+00:00,8212.675345495569,3
2022-10-12 04:00:00+00:00,8212.675345495569,4
2022-10-12 05:00:00+00:00,8212.675345495569,5
2022-10-12 06:00:00+00:00,20545.41499741932,6
2022-10-12 07:00:00+00:00,1293.8797065219464,7
2022-10-12 08:00:00+00:00,2543.6344972867023,8
2022-10-12 09:00:00+00:00,870.0030801852193,9
2022-10-12 10:00:00+00:00,1262.954886193267,10
2022-10-12 11:00:00+00:00,663.4860956911663,11
2022-10-12 12:00:00+00:00,434.42406740614405,12
2022-10-12 13:00:00+00:00,1276.7676658051532,13
2022-10-12 14:00:00+00:00,74594.79545941316,14
2022-10-12 15:00:00+00:00,74594.79545941316,15
2022-10-12 16:00:00+00:00,6656571.664167917,16
2022-10-12 17:00:00+00:00,6656571.664167917,17
2022-10-12 18:00:00+00:00,6656571.664167917,18
2022-10-12 19:00:00+00:00,6656571.664167917,19
2022-10-12 20:00:00+00:00,6656571.664167917,20
2022-10-12 21:00:00+00:00,6656571.664167917,21
2022-10-12 22:00:00+00:00,6656571.664167917,22
2022-10-12 23:00:00+00:00,6656571.664167917,23
2022-10-13 00:00:00+00:00,387398.5137240787,0
2022-10-13 01:00:00+00:00,387398.5137240787,1
2022-10-13 02:00:00+00:00,387398.5137240787,2
2022-10-13 03:00:00+00:00,387398.5137240787,3
2022-10-13 04:00:00+00:00,387398.5137240787,4
2022-10-13 05:00:00+00:00,387398.5137240787,5
2022-10-13 06:00:00+00:00,387398.5137240787,6
2022-10-13 07:00:00+00:00,1740.3847564744033,7
2022-10-13 08:00:00+00:00,2898.5007496251874,8
2022-10-13 09:00:00+00:00,1704.901920233004,9
2022-10-13 10:00:00+00:00,1015.2271993292704,10
2022-10-13 11:00:00+00:00,1498.6243189644372,11
2022-10-13 12:00:00+00:00,1064.3447587271085,12
2022-10-13 13:00:00+00:00,1059.6988961965008,13
2022-10-13 14:00:00+00:00,3262.321139602712,14
2022-10-13 15:00:00+00:00,5331.561970988496,15
2022-10-13 16:00:00+00:00,14266.917260794062,16
2022-10-13 17:00:00+00:00,14266.917260794062,17
2022-10-13 18:00:00+00:00,14266.917260794062,18
2022-10-13 19:00:00+00:00,14266.917260794062,19
2022-10-13 20:00:00+00:00,5252.410167277207,20
2022-10-13 21:00:00+00:00,40656.32086869187,21
2022-10-13 22:00:00+00:00,457852.84176093765,22
2022-10-13 23:00:00+00:00,975.2175196523852,23
2022-10-14 00:00:00+00:00,1880.5628277798025,0
2022-10-14 01:00:00+00:00,20156.215717806954,1
2022-10-14 02:00:00+00:00,65257.94602698651,2
2022-10-14 03:00:00+00:00,2784.7645142945776,3
2022-10-14 04:00:00+00:00,2545.735955551636,4
2022-10-14 05:00:00+00:00,8705.12124889936,5
2022-10-14 06:00:00+00:00,8705.12124889936,6
2022-10-14 07:00:00+00:00,8705.12124889936,7
2022-10-14 08:00:00+00:00,25640.97566601315,8
2022-10-14 09:00:00+00:00,14762.134150316146,9
2022-10-14 10:00:00+00:00,17891.004497751128,10
2022-10-14 11:00:00+00:00,4057.8211518850203,11
2022-10-14 12:00:00+00:00,22633.198618082264,12
2022-10-14 13:00:00+00:00,3734.0133324721696,13
2022-10-14 14:00:00+00:00,20254.78611059434,14
2022-10-14 15:00:00+00:00,45366.397236164536,15
2022-10-14 16:00:00+00:00,10533.660805380061,16
2022-10-14 17:00:00+00:00,2942.354508303435,17
2022-10-14 18:00:00+00:00,1813.3865088151526,18
2022-10-14 19:00:00+00:00,4222.514067641504,19
2022-10-14 20:00:00+00:00,6040.841001618634,20
2022-10-14 21:00:00+00:00,36403.487386741406,21
2022-10-14 22:00:00+00:00,266166.8665667167,22
2022-10-14 23:00:00+00:00,4091.2911279831037,23
2022-10-15 00:00:00+00:00,8895.502248875564,0
2022-10-15 01:00:00+00:00,5495.8642752202495,1
2022-10-15 02:00:00+00:00,2346.8608047541015,2
2022-10-15 03:00:00+00:00,7062.514633094412,3
2022-10-15 04:00:00+00:00,9765.350343696078,4
2022-10-15 05:00:00+00:00,4823.965327518702,5
2022-10-15 06:00:00+00:00,2330.3291946578734,6
2022-10-15 07:00:00+00:00,792.3152364836349,7
2022-10-15 08:00:00+00:00,880.5084201160579,8
2022-10-15 09:00:00+00:00,1195.9127185271739,9
2022-10-15 10:00:00+00:00,1049.0227268414126,10
2022-10-15 11:00:00+00:00,1551.7165146240438,11
2022-10-15 12:00:00+00:00,1869.3757028525145,12
2022-10-15 13:00:00+00:00,3457.181152921936,13
2022-10-15 14:00:00+00:00,1756.9848421521058,14
2022-10-15 15:00:00+00:00,82729.87219261657,15
2022-10-15 16:00:00+00:00,6802.489349384715,16
2022-10-15 17:00:00+00:00,2745.516017501454,17
2022-10-15 18:00:00+00:00,2519.7054955403055,18
2022-10-15 19:00:00+00:00,777.9572229184802,19
2022-10-15 20:00:00+00:00,387.0972972462986,20
2022-10-15 21:00:00+00:00,1063.175680808076,21
2022-10-15 22:00:00+00:00,1429.9176428793191,22
2022-10-15 23:00:00+00:00,821.4661772103982,23
2022-10-16 00:00:00+00:00,1519.2341678832197,0
2022-10-16 01:00:00+00:00,809.5056242885524,1
2022-10-16 02:00:00+00:00,3469.26094593454,2
2022-10-16 03:00:00+00:00,2168.8042481826574,3
2022-10-16 04:00:00+00:00,1482.6608806866184,4
2022-10-16 05:00:00+00:00,8859.181243832996,5
2022-10-16 06:00:00+00:00,10618.045232702798,6
2022-10-16 07:00:00+00:00,1099.1147963271399,7
2022-10-16 08:00:00+00:00,939.0844181869461,8
2022-10-16 09:00:00+00:00,939.0844181869461,9
2022-10-16 10:00:00+00:00,939.0844181869461,10
2022-10-16 11:00:00+00:00,939.0844181869461,11
2022-10-16 12:00:00+00:00,939.0844181869461,12
2022-10-16 13:00:00+00:00,939.0844181869461,13
2022-10-16 14:00:00+00:00,939.0844181869461,14
2022-10-16 15:00:00+00:00,939.0844181869461,15
2022-10-16 16:00:00+00:00,939.0844181869461,16
2022-10-16 17:00:00+00:00,939.0844181869461,17
2022-10-16 18:00:00+00:00,939.0844181869461,18
2022-10-16 19:00:00+00:00,939.0844181869461,19
2022-10-16 20:00:00+00:00,939.0844181869461,20
2022-10-16 21:00:00+00:00,857.550421869357,21
2022-10-16 22:00:00+00:00,722.8489479533346,22
2022-10-16 23:00:00+00:00,963.4328181064628,23
2022-10-17 00:00:00+00:00,2252.863736277587,0
2022-10-17 01:00:00+00:00,667.7916871468244,1
2022-10-17 02:00:00+00:00,1496.1600948575144,2
2022-10-17 03:00:00+00:00,1092.0211214790145,3
2022-10-17 04:00:00+00:00,1879.3639526013023,4
2022-10-17 05:00:00+00:00,5737.174112827713,5
2022-10-17 06:00:00+00:00,51905.24737631184,6
2022-10-17 07:00:00+00:00,1337.6373457107059,7
2022-10-17 08:00:00+00:00,518.4752927403702,8
2022-10-17 09:00:00+00:00,257.69326513529916,9
2022-10-17 10:00:00+00:00,271.79801520151454,10
2022-10-17 11:00:00+00:00,324.5664778230353,11
2022-10-17 12:00:00+00:00,450.18362378443805,12
2022-10-17 13:00:00+00:00,742.2246140596268,13
2022-10-17 14:00:00+00:00,1431.4428675232937,14
2022-10-17 15:00:00+00:00,14350.08320731096,15
2022-10-17 16:00:00+00:00,53011.74200133975,16
2022-10-17 17:00:00+00:00,16631.63418290855,17
2022-10-17 18:00:00+00:00,2861.1528755195354,18
2022-10-17 19:00:00+00:00,1578.0115110077934,19
2022-10-17 20:00:00+00:00,821.338638639158,20
2022-10-17 21:00:00+00:00,3483.479578040437,21
2022-10-17 22:00:00+00:00,3437.0200128416136,22
2022-10-17 23:00:00+00:00,3078.926296164239,23
2022-10-18 00:00:00+00:00,3867.027213449295,0
2022-10-18 01:00:00+00:00,1528.3443405498817,1
2022-10-18 02:00:00+00:00,1078.1719759589232,2
2022-10-18 03:00:00+00:00,1377.6185714024232,3
2022-10-18 04:00:00+00:00,1473.681244484141,4
2022-10-18 05:00:00+00:00,2271.4541019479575,5
2022-10-18 06:00:00+00:00,4081.3264222160287,6
2022-10-18 07:00:00+00:00,2147.3570777069262,7
2022-10-18 08:00:00+00:00,530.0001575000393,8
2022-10-18 09:00:00+00:00,821.9402012024734,9
2022-10-18 10:00:00+00:00,701.2363582291666,10
2022-10-18 11:00:00+00:00,733.0211067661015,11
2022-10-18 12:00:00+00:00,432.53373313343326,12
2022-10-18 13:00:00+00:00,516.0732683172529,13
2022-10-18 14:00:00+00:00,1598.130526573448,14
2022-10-18 15:00:00+00:00,1598.130526573448,15
2022-10-18 16:00:00+00:00,3600.206564031437,16
2022-10-18 17:00:00+00:00,5461.129209831175,17
2022-10-18 18:00:00+00:00,1828.910942963755,18
2022-10-18 19:00:00+00:00,1681.7643640706415,19
2022-10-18 20:00:00+00:00,613.1638808836423,20
2022-10-18 21:00:00+00:00,1083.81970502268,21
2022-10-18 22:00:00+00:00,1728.5938997714259,22
2022-10-18 23:00:00+00:00,1603.7808201095256,23
2022-10-19 00:00:00+00:00,1071.3305761337174,0
2022-10-19 01:00:00+00:00,1094.664692061722,1
2022-10-19 02:00:00+00:00,1584.3804818238652,2
2022-10-19 03:00:00+00:00,758.0396576653669,3
2022-10-19 04:00:00+00:00,1327.6138381321284,4
2022-10-19 05:00:00+00:00,6587.30383009934,5
2022-10-19 06:00:00+00:00,597458.2996831979,6
2022-10-19 07:00:00+00:00,1609.7521135201869,7
2022-10-19 08:00:00+00:00,744.7552873309538,8
2022-10-19 09:00:00+00:00,208.84449354650462,9
2022-10-19 10:00:00+00:00,250.27739760934097,10
2022-10-19 11:00:00+00:00,615.0434718765526,11
2022-10-19 12:00:00+00:00,1063.5503695451696,12
2022-10-19 13:00:00+00:00,1282.9650271817,13
2022-10-19 14:00:00+00:00,7083.458630397033,14
2022-10-19 15:00:00+00:00,66913.47312920721,15
2022-10-19 16:00:00+00:00,4557.186332207031,16
2022-10-19 17:00:00+00:00,2205.47390816252,17
2022-10-19 18:00:00+00:00,6296.545481263211,18
2022-10-19 19:00:00+00:00,18775.250465504487,19
2022-10-19 20:00:00+00:00,18955.357817274566,20
2022-10-19 21:00:00+00:00,4177.002602992982,21
2022-10-19 22:00:00+00:00,3732.2570276932074,22
2022-10-19 23:00:00+00:00,2327.689231414473,23
2022-10-20 00:00:00+00:00,1764.8722896688084,0
2022-10-20 01:00:00+00:00,6473.408489961733,1
2022-10-20 02:00:00+00:00,28510.33666547815,2
2022-10-20 03:00:00+00:00,831983.9580209894,3
2022-10-20 04:00:00+00:00,7568.976571622023,4
2022-10-20 05:00:00+00:00,5944.193344814941,5
2022-10-20 06:00:00+00:00,2874.3841216121164,6
2022-10-20 07:00:00+00:00,767.884180465178,7
2022-10-20 08:00:00+00:00,342.94049300864475,8
2022-10-20 09:00:00+00:00,769.8100142216541,9
2022-10-20 10:00:00+00:00,805.7312285417942,10
2022-10-20 11:00:00+00:00,865.6608524804485,11
2022-10-20 12:00:00+00:00,1060.2493054457595,12
2022-10-20 13:00:00+00:00,1163.9249995255534,13
2022-10-20 14:00:00+00:00,981.0965240636502,14
2022-10-20 15:00:00+00:00,2927.59475326012,15
2022-10-20 16:00:00+00:00,1834.3292321293827,16
2022-10-20 17:00:00+00:00,2731.0717737577916,17
2022-10-20 18:00:00+00:00,2922.3327642537115,18
2022-10-20 19:00:00+00:00,11937.14689417881,19
2022-10-20 20:00:00+00:00,11937.14689417881,20
2022-10-20 21:00:00+00:00,1319.090915018316,21
2022-10-20 22:00:00+00:00,2990.3768171624497,22
2022-10-20 23:00:00+00:00,2244.7240803691143,23
2022-10-21 00:00:00+00:00,1938.1725854770107,0
2022-10-21 01:00:00+00:00,3850.5469817020276,1
2022-10-21 02:00:00+00:00,951.4407935820433,2
2022-10-21 03:00:00+00:00,1009.815215766575,3
2022-10-21 04:00:00+00:00,577.2628743439518,4
2022-10-21 05:00:00+00:00,984.0286764300225,5
2022-10-21 06:00:00+00:00,5637.450181515164,6
2022-10-21 07:00:00+00:00,1387.7381155848539,7
2022-10-21 08:00:00+00:00,562.2236036776677,8
2022-10-21 09:00:00+00:00,306.48947631704425,9
2022-10-21 10:00:00+00:00,478.0242408916023,10
2022-10-21 11:00:00+00:00,481.67351137433724,11
2022-10-21 12:00:00+00:00,356.7811476132517,12
2022-10-21 13:00:00+00:00,456.16388056470373,13
2022-10-21 14:00:00+00:00,522.9339008205051,14
2022-10-21 15:00:00+00:00,2988.9427675953207,15
2022-10-21 16:00:00+00:00,2988.9427675953207,16
2022-10-21 17:00:00+00:00,21613.28129038929,17
2022-10-21 18:00:00+00:00,4087.432468304501,18
2022-10-21 19:00:00+00:00,16097.688936882038,19
2022-10-21 20:00:00+00:00,41879.01049475262,20
2022-10-21 21:00:00+00:00,1319.4540396127425,21
2022-10-21 22:00:00+00:00,1269.967413905725,22
2022-10-21 23:00:00+00:00,881.6651915894289,23
2022-10-22 00:00:00+00:00,930.7636519306158,0
2022-10-22 01:00:00+00:00,1611.1009712535038,1
2022-10-22 02:00:00+00:00,1570.252406953022,2
2022-10-22 03:00:00+00:00,679.4697499025663,3
2022-10-22 04:00:00+00:00,865.5746539263007,4
2022-10-22 05:00:00+00:00,1707.895617644736,5
2022-10-22 06:00:00+00:00,32213.940117319988,6
2022-10-22 07:00:00+00:00,4080.4823729214227,7
2022-10-22 08:00:00+00:00,2903.9132058519476,8
2022-10-22 09:00:00+00:00,3593.5174796707597,9
2022-10-22 10:00:00+00:00,1484.1350296258802,10
2022-10-22 11:00:00+00:00,1527.5908738237886,11
2022-10-22 12:00:00+00:00,924.3439563431215,12
2022-10-22 13:00:00+00:00,1713.9239140187065,13
2022-10-22 14:00:00+00:00,11786.913686014137,14
2022-10-22 15:00:00+00:00,11786.913686014137,15
2022-10-22 16:00:00+00:00,4068.2352311633795,16
2022-10-22 17:00:00+00:00,977.8289611670848,17
2022-10-22 18:00:00+00:00,991.545234966482,18
2022-10-22 19:00:00+00:00,790.5246373468784,19
2022-10-22 20:00:00+00:00,838.0878697188639,20
2022-10-22 21:00:00+00:00,692.1214317873192,21
2022-10-22 22:00:00+00:00,1049.8828233145477,22
2022-10-22 23:00:00+00:00,852.9952275115129,23
2022-10-23 00:00:00+00:00,2242.2490021702733,0
2022-10-23 01:00:00+00:00,1276.4829743936966,1
2022-10-23 02:00:00+00:00,18532.10933508747,2
2022-10-23 03:00:00+00:00,4155.247757606447,3
2022-10-23 04:00:00+00:00,2435.0960883194766,4
2022-10-23 05:00:00+00:00,997.5550971422782,5
2022-10-23 06:00:00+00:00,3761.178459494151,6
2022-10-23 07:00:00+00:00,2263.2251670774785,7
2022-10-23 08:00:00+00:00,1832.9521930347212,8
2022-10-23 09:00:00+00:00,747.5517779689224,9
2022-10-23 10:00:00+00:00,675.835858294629,10
2022-10-23 11:00:00+00:00,1783.2530170222324,11
2022-10-23 12:00:00+00:00,1605.184153330159,12
2022-10-23 13:00:00+00:00,1110.7001680855399,13
2022-10-23 14:00:00+00:00,14350.08320731096,14
2022-10-23 15:00:00+00:00,14350.08320731096,15
2022-10-23 16:00:00+00:00,8248.668475126984,16
2022-10-23 17:00:00+00:00,5235.342532815225,17
2022-10-23 18:00:00+00:00,1877.267097956576,18
2022-10-23 19:00:00+00:00,1163.146171139102,19
2022-10-23 20:00:00+00:00,1098.8846505380156,20
2022-10-23 21:00:00+00:00,412.87734263595127,21
2022-10-23 22:00:00+00:00,756.2736897566139,22
2022-10-23 23:00:00+00:00,864.5952273826861,23
2022-10-24 00:00:00+00:00,855.5945541441167,0
2022-10-24 01:00:00+00:00,836.3724383412457,1
2022-10-24 02:00:00+00:00,949.6171025178045,2
2022-10-24 03:00:00+00:00,1061.722803519706,3
2022-10-24 04:00:00+00:00,1329.390522690126,4
2022-10-24 05:00:00+00:00,1239.101119325672,5
2022-10-24 06:00:00+00:00,5703.549837984234,6
2022-10-24 07:00:00+00:00,20637.294903949893,7
2022-10-24 08:00:00+00:00,790.3289606522295,8
2022-10-24 09:00:00+00:00,100.0,9
2022-10-24 10:00:00+00:00,300.8314791947365,10
2022-10-24 11:00:00+00:00,469.82294677006644,11
2022-10-24 12:00:00+00:00,1066.8939678874945,12
2022-10-24 13:00:00+00:00,1720.2547618725503,13
2022-10-24 14:00:00+00:00,1720.2547618725503,14
2022-10-24 15:00:00+00:00,54223.487606845934,15
2022-10-24 16:00:00+00:00,2603.765907460567,16
2022-10-24 17:00:00+00:00,928.3750446729363,17
2022-10-24 18:00:00+00:00,588.8392259497216,18
2022-10-24 19:00:00+00:00,633.3645740821539,19
2022-10-24 20:00:00+00:00,480.5556366682396,20
2022-10-24 21:00:00+00:00,545.0370389482578,21
2022-10-24 22:00:00+00:00,529.5277754774199,22
2022-10-24 23:00:00+00:00,565.8050831840226,23
2022-10-25 00:00:00+00:00,879.0662838899714,0
2022-10-25 01:00:00+00:00,652.6492244688951,1
2022-10-25 02:00:00+00:00,659.6865117433742,2
2022-10-25 03:00:00+00:00,743.7992059246757,3
2022-10-25 04:00:00+00:00,973.403208900557,4
2022-10-25 05:00:00+00:00,811.7613139131789,5
2022-10-25 06:00:00+00:00,4860.262044834512,6
2022-10-25 07:00:00+00:00,3223.3508058751454,7
2022-10-25 08:00:00+00:00,1807.9024546196376,8
2022-10-25 09:00:00+00:00,100.0,9
2022-10-25 10:00:00+00:00,188.56076773364114,10
2022-10-25 11:00:00+00:00,545.526732366943,11
2022-10-25 12:00:00+00:00,544.5088612295694,12
2022-10-25 13:00:00+00:00,1235.6082793274309,13
2022-10-25 14:00:00+00:00,28106.235865118295,14
2022-10-25 15:00:00+00:00,6477.738701137494,15
2022-10-25 16:00:00+00:00,550.1290813720008,16
2022-10-25 17:00:00+00:00,767.0138969275856,17
2022-10-25 18:00:00+00:00,711.5061685376152,18
2022-10-25 19:00:00+00:00,752.8715558623991,19
2022-10-25 20:00:00+00:00,523.4589926166448,20
2022-10-25 21:00:00+00:00,1106.3530442773076,21
2022-10-25 22:00:00+00:00,821.8531230252643,22
2022-10-25 23:00:00+00:00,989.5828459825832,23
2022-10-26 00:00:00+00:00,1326.8833517745647,0
2022-10-26 01:00:00+00:00,1051.3648625728426,1
2022-10-26 02:00:00+00:00,2345.4303102760223,2
2022-10-26 03:00:00+00:00,2638.401666597143,3
2022-10-26 04:00:00+00:00,1090.6941490825893,4
2022-10-26 05:00:00+00:00,1702.2010106536563,5
2022-10-26 06:00:00+00:00,5673.510760147877,6
2022-10-26 07:00:00+00:00,2102.7371489635725,7
2022-10-26 08:00:00+00:00,816.905944552296,8
2022-10-26 09:00:00+00:00,1003.5242173135833,9
2022-10-26 10:00:00+00:00,720.9830315460524,10
2022-10-26 11:00:00+00:00,776.0935134679988,11
2022-10-26 12:00:00+00:00,804.3148947631902,12
2022-10-26 13:00:00+00:00,786.3033257182194,13
2022-10-26 14:00:00+00:00,3966.999072170284,14
2022-10-26 15:00:00+00:00,12220.79100361454,15
2022-10-26 16:00:00+00:00,14474.594235983057,16
2022-10-26 17:00:00+00:00,1268.5591414818907,17
2022-10-26 18:00:00+00:00,1339.9030205857484,18
2022-10-26 19:00:00+00:00,1021.7849113865716,19
2022-10-26 20:00:00+00:00,1788.4462960393394,20
2022-10-26 21:00:00+00:00,4527.83068977191,21
2022-10-26 22:00:00+00:00,10544.997330758928,22
2022-10-26 23:00:00+00:00,8641.710649377508,23
2022-10-27 00:00:00+00:00,4719.019061897623,0
2022-10-27 01:00:00+00:00,18490.704647676164,1
2022-10-27 02:00:00+00:00,15392.25387306347,2
2022-10-27 03:00:00+00:00,80340.5489562911,3
2022-10-27 04:00:00+00:00,13682.235735509508,4
2022-10-27 05:00:00+00:00,7447.246784770881,5
2022-10-27 06:00:00+00:00,138580.65967016493,6
2022-10-27 07:00:00+00:00,1846.9645113097154,7
2022-10-27 08:00:00+00:00,471.9211239067115,8
2022-10-27 09:00:00+00:00,100.0,9
2022-10-27 10:00:00+00:00,89.08567621267362,10
2022-10-27 11:00:00+00:00,90.79542613154241,11
2022-10-27 12:00:00+00:00,253.2515211296921,12
2022-10-27 13:00:00+00:00,445.31593873743896,13
2022-10-27 14:00:00+00:00,608.9675501232435,14
2022-10-27 15:00:00+00:00,4888.561175583944,15
2022-10-27 16:00:00+00:00,9673.150807773683,16
2022-10-27 17:00:00+00:00,6930.098396180063,17
2022-10-27 18:00:00+00:00,2222.6349142246745,18
2022-10-27 19:00:00+00:00,1113.613794743467,19
2022-10-27 20:00:00+00:00,1080.470236596545,20
2022-10-27 21:00:00+00:00,999.9854028964103,21
2022-10-27 22:00:00+00:00,1792.7130122740734,22
2022-10-27 23:00:00+00:00,7136.8659960677105,23
2022-10-28 00:00:00+00:00,3141.308443027615,0
2022-10-28 01:00:00+00:00,1980.5314825800235,1
2022-10-28 02:00:00+00:00,7768.4062224207055,2
2022-10-28 03:00:00+00:00,1323.8869869877894,3
2022-10-28 04:00:00+00:00,1140.9902431334667,4
2022-10-28 05:00:00+00:00,2695.7461840268443,5
2022-10-28 06:00:00+00:00,3431.3908032721038,6
2022-10-28 07:00:00+00:00,1344.9037690835505,7
2022-10-28 08:00:00+00:00,493.0634870932794,8
2022-10-28 09:00:00+00:00,768.3638251457623,9
2022-10-28 10:00:00+00:00,937.0801304790064,10
2022-10-28 11:00:00+00:00,833.9638477459428,11
2022-10-28 12:00:00+00:00,853.3136811391898,12
2022-10-28 13:00:00+00:00,1011.7171711700952,13
2022-10-28 14:00:00+00:00,1108.5460537705003,14
2022-10-28 15:00:00+00:00,1108.5460537705003,15
2022-10-28 16:00:00+00:00,6164.120135666169,16
2022-10-28 17:00:00+00:00,7438.699506418932,17
2022-10-28 18:00:00+00:00,2638.2442057457492,18
2022-10-28 19:00:00+00:00,758.3715879004405,19
2022-10-28 20:00:00+00:00,762.7101690212436,20
2022-10-28 21:00:00+00:00,876.4831471214844,21
2022-10-28 22:00:00+00:00,1005.5757621936417,22
2022-10-28 23:00:00+00:00,1410.47689225503,23
2022-10-29 00:00:00+00:00,1093.593628145583,0
2022-10-29 01:00:00+00:00,1592.5175856007922,1
2022-10-29 02:00:00+00:00,1413.5679090877481,2
2022-10-29 03:00:00+00:00,1654.9437993401036,3
2022-10-29 04:00:00+00:00,1475.1867993700384,4
2022-10-29 05:00:00+00:00,1770.9026599684978,5
2022-10-29 06:00:00+00:00,20767.309292062437,6
2022-10-29 07:00:00+00:00,1234.269726231292,7
2022-10-29 08:00:00+00:00,783.4586565012828,8
2022-10-29 09:00:00+00:00,236.1615828788969,9
2022-10-29 10:00:00+00:00,228.8544444307833,10
2022-10-29 11:00:00+00:00,452.2342972341936,11
2022-10-29 12:00:00+00:00,481.8296672869385,12
2022-10-29 13:00:00+00:00,574.7766512081009,13
2022-10-29 14:00:00+00:00,1158.5879493605437,14
2022-10-29 15:00:00+00:00,23931.30564681559,15
2022-10-29 16:00:00+00:00,1448.0631777134688,16
2022-10-29 17:00:00+00:00,681.0244824789295,17
2022-10-29 18:00:00+00:00,707.6524707798976,18
2022-10-29 19:00:00+00:00,526.569245497733,19
2022-10-29 20:00:00+00:00,697.5882655365344,20
2022-10-29 21:00:00+00:00,702.7824004061645,21
2022-10-29 22:00:00+00:00,652.9319832788052,22
2022-10-29 23:00:00+00:00,1995.9293643027686,23
2022-10-30 00:00:00+00:00,2064.771272900135,0
2022-10-30 01:00:00+00:00,1569.5940968567636,1
2022-10-30 02:00:00+00:00,1634.20752310412,2
2022-10-30 03:00:00+00:00,3258.4171180663157,3
2022-10-30 04:00:00+00:00,1861.9646017916302,4
2022-10-30 05:00:00+00:00,2788.7489956679124,5
2022-10-30 06:00:00+00:00,25328.015475544904,6
2022-10-30 07:00:00+00:00,2113.72519593213,7
2022-10-30 08:00:00+00:00,1389.8548935022195,8
2022-10-30 09:00:00+00:00,1389.8548935022195,9
2022-10-30 10:00:00+00:00,54.75782572313989,10
2022-10-30 11:00:00+00:00,151.19515713841193,11
2022-10-30 12:00:00+00:00,533.968729920754,12
2022-10-30 13:00:00+00:00,1403.021396236844,13
2022-10-30 14:00:00+00:00,31588.70110399346,14
2022-10-30 15:00:00+00:00,11144.377811094453,15
2022-10-30 16:00:00+00:00,1736.6228521304668,16
2022-10-30 17:00:00+00:00,1264.7336201393596,17
2022-10-30 18:00:00+00:00,2525.805741197198,18
2022-10-30 19:00:00+00:00,1159.722495325143,19
2022-10-30 20:00:00+00:00,1104.4078738056828,20
2022-10-30 21:00:00+00:00,1331.5224318025794,21
2022-10-30 22:00:00+00:00,1266.9635770350123,22
2022-10-30 23:00:00+00:00,1645.059885576611,23
2022-10-31 00:00:00+00:00,5665.5527852889545,0
2022-10-31 01:00:00+00:00,2360.534438663022,1
2022-10-31 02:00:00+00:00,5762.520736828503,2
2022-10-31 03:00:00+00:00,4576.253265206414,3
2022-10-31 04:00:00+00:00,3829.458474144797,4
2022-10-31 05:00:00+00:00,3016.9214200649303,5
2022-10-31 06:00:00+00:00,9257.737238763168,6
2022-10-31 07:00:00+00:00,3963.048611682503,7
2022-10-31 08:00:00+00:00,811.4083333101943,8
2022-10-31 09:00:00+00:00,668.210935854387,9
2022-10-31 10:00:00+00:00,1585.4040065241838,10
2022-10-31 11:00:00+00:00,2008.9442606031923,11
2022-10-31 12:00:00+00:00,1057.8026015893788,12
2022-10-31 13:00:00+00:00,1952.2525622434684,13
2022-10-31 14:00:00+00:00,1490.3920744646039,14
2022-10-31 15:00:00+00:00,7512.208454462486,15
2022-10-31 16:00:00+00:00,7526.086683185299,16
2022-10-31 17:00:00+00:00,2178.9016310057914,17
2022-10-31 18:00:00+00:00,1855.5439671468612,18
2022-10-31 19:00:00+00:00,1255.1855993827191,19
2022-10-31 20:00:00+00:00,2552.0604239712816,20
2022-10-31 21:00:00+00:00,1389.8548935022195,21
2022-10-31 22:00:00+00:00,1048.7319086366942,22
2022-10-31 23:00:00+00:00,495.888610166316,23
2022-11-01 00:00:00+00:00,807.8930256639275,0
2022-11-01 01:00:00+00:00,1251.3340771757846,1
2022-11-01 02:00:00+00:00,1352.7873557764983,2
2022-11-01 03:00:00+00:00,1539.5743015191913,3
2022-11-01 04:00:00+00:00,3610.51932227866,4
2022-11-01 05:00:00+00:00,2784.173164717468,5
2022-11-01 06:00:00+00:00,8047.700935334046,6
2022-11-01 07:00:00+00:00,1158.112202639939,7
2022-11-01 08:00:00+00:00,947.6348228152214,8
2022-11-01 09:00:00+00:00,1147.502185938515,9
2022-11-01 10:00:00+00:00,99.34049770076473,10
2022-11-01 11:00:00+00:00,106.51829715881547,11
2022-11-01 12:00:00+00:00,49.701797957988674,12
2022-11-01 13:00:00+00:00,380.210046470056,13
2022-11-01 14:00:00+00:00,1574.2131952132586,14
2022-11-01 15:00:00+00:00,12091.706344629883,15
2022-11-01 16:00:00+00:00,518.3050031736872,16
2022-11-01 17:00:00+00:00,100.53331306891431,17
2022-11-01 18:00:00+00:00,150.60783391295553,18
2022-11-01 19:00:00+00:00,299.9442239947077,19
2022-11-01 20:00:00+00:00,330.01754936485247,20
2022-11-01 21:00:00+00:00,395.66872570799114,21
2022-11-01 22:00:00+00:00,1225.5021234902265,22
2022-11-01 23:00:00+00:00,1058.8913064359185,23
2022-11-02 00:00:00+00:00,1144.9357890719873,0
2022-11-02 01:00:00+00:00,934.7694177161382,1
2022-11-02 02:00:00+00:00,1249.416514122829,2
2022-11-02 03:00:00+00:00,1321.7581512532925,3
2022-11-02 04:00:00+00:00,976.0865929789712,4
2022-11-02 05:00:00+00:00,1378.603212831612,5
2022-11-02 06:00:00+00:00,5929.593898702822,6
2022-11-02 07:00:00+00:00,4983.230332361568,7
2022-11-02 08:00:00+00:00,1396.5779142514302,8
2022-11-02 09:00:00+00:00,462.1239371869545,9
2022-11-02 10:00:00+00:00,100.0,10
2022-11-02 11:00:00+00:00,126.40686545057052,11
2022-11-02 12:00:00+00:00,123.65158692572058,12
2022-11-02 13:00:00+00:00,563.4115670886902,13
2022-11-02 14:00:00+00:00,1109345.2773613194,14
2022-11-02 15:00:00+00:00,6995.044027282132,15
2022-11-02 16:00:00+00:00,531.5798971126272,16
2022-11-02 17:00:00+00:00,400.3457746692803,17
2022-11-02 18:00:00+00:00,542.6998289576824,18
2022-11-02 19:00:00+00:00,731.2675345495569,19
2022-11-02 20:00:00+00:00,863.6177857799532,20
2022-11-02 21:00:00+00:00,638.3995190424755,21
2022-11-02 22:00:00+00:00,850.5185721053114,22
2022-11-02 23:00:00+00:00,594.5376064208349,23
2022-11-03 00:00:00+00:00,781.2948319402229,0
2022-11-03 01:00:00+00:00,844.074835366319,1
2022-11-03 02:00:00+00:00,684.0602666864448,2
2022-11-03 03:00:00+00:00,1139.1421563976016,3
2022-11-03 04:00:00+00:00,1254.3584260768905,4
2022-11-03 05:00:00+00:00,1028.2494346047317,5
2022-11-03 06:00:00+00:00,2223.4456070394126,6
2022-11-03 07:00:00+00:00,3864.664481338842,7
2022-11-03 08:00:00+00:00,785.1662729520848,8
2022-11-03 09:00:00+00:00,421.02940389542243,9
2022-11-03 10:00:00+00:00,942.0588077908449,10
2022-11-03 11:00:00+00:00,669.7353913237646,11
2022-11-03 12:00:00+00:00,737.4225266282446,12
2022-11-03 13:00:00+00:00,1733.2888086389194,13
2022-11-03 14:00:00+00:00,1733.2888086389194,14
2022-11-03 15:00:00+00:00,1733.2888086389194,15
2022-11-03 16:00:00+00:00,2100.5526162538567,16
2022-11-03 17:00:00+00:00,2627.0264908512563,17
2022-11-03 18:00:00+00:00,2069.710451162945,18
2022-11-03 19:00:00+00:00,765.2492716197723,19
2022-11-03 20:00:00+00:00,799.7108875460467,20
2022-11-03 21:00:00+00:00,281.6461222433159,21
2022-11-03 22:00:00+00:00,808.3390186354345,22
2022-11-03 23:00:00+00:00,592.7538416243019,23
2022-11-04 00:00:00+00:00,582.8631231354635,0
2022-11-04 01:00:00+00:00,696.1879657610739,1
2022-11-04 02:00:00+00:00,476.23542799237504,2
2022-11-04 03:00:00+00:00,162.94545035174724,3
2022-11-04 04:00:00+00:00,136.29827558224207,4
2022-11-04 05:00:00+00:00,224.74737360561593,5
2022-11-04 06:00:00+00:00,22388.75334406243,6
2022-11-04 07:00:00+00:00,1978.1688363738922,7
2022-11-04 08:00:00+00:00,898.3010894073059,8
2022-11-04 09:00:00+00:00,1208.5901910612035,9
2022-11-04 10:00:00+00:00,462.1239371869545,10
2022-11-04 11:00:00+00:00,516.5827734847387,11
2022-11-04 12:00:00+00:00,797.6094477033328,12
2022-11-04 13:00:00+00:00,1328.6747025685897,13
2022-11-04 14:00:00+00:00,719.607017349189,14
2022-11-04 15:00:00+00:00,1755.518233914402,15
2022-11-04 16:00:00+00:00,17891.004497751128,16
2022-11-04 17:00:00+00:00,3080.4451333817096,17
2022-11-04 18:00:00+00:00,3582.3693416449664,18
2022-11-04 19:00:00+00:00,2200.21975313713,19
2022-11-04 20:00:00+00:00,3601.3087871934713,20
2022-11-04 21:00:00+00:00,1283.5433285828933,21
2022-11-04 22:00:00+00:00,518.1565379878166,22
2022-11-04 23:00:00+00:00,535.2435383821329,23
2022-11-05 00:00:00+00:00,771.0844301176404,0
2022-11-05 01:00:00+00:00,949.4752623688155,1
2022-11-05 02:00:00+00:00,1122.689626060756,2
2022-11-05 03:00:00+00:00,583.418974273547,3
2022-11-05 04:00:00+00:00,679.5545124373747,4
2022-11-05 05:00:00+00:00,1086.406325805538,5
2022-11-05 06:00:00+00:00,184807.5462268866,6
2022-11-05 07:00:00+00:00,3260.258285799049,7
2022-11-05 08:00:00+00:00,2282.7448280986255,8
2022-11-05 09:00:00+00:00,20156.215717806954,9
2022-11-05 10:00:00+00:00,695.1112833454272,10
2022-11-05 11:00:00+00:00,1337.5111153704033,11
2022-11-05 12:00:00+00:00,445.5841049231962,12
2022-11-05 13:00:00+00:00,462.21889055472263,13
2022-11-05 14:00:00+00:00,2159.562683016944,14
2022-11-05 15:00:00+00:00,155822.03898050974,15
2022-11-05 16:00:00+00:00,4254.560617641462,16
2022-11-05 17:00:00+00:00,1631.3363185956694,17
2022-11-05 18:00:00+00:00,11470.97799647894,18
2022-11-05 19:00:00+00:00,5525.969799229505,19
2022-11-05 20:00:00+00:00,8993.813748863273,20
2022-11-05 21:00:00+00:00,2009.4980148116892,21
2022-11-05 22:00:00+00:00,79105.68017877852,22
2022-11-05 23:00:00+00:00,2075.0782639768195,23
2022-11-06 00:00:00+00:00,1633.5082458770619,0
2022-11-06 01:00:00+00:00,28200.456513316374,1
2022-11-06 02:00:00+00:00,9368.949735658485,2
2022-11-06 03:00:00+00:00,11598.89571910003,3
2022-11-06 04:00:00+00:00,457852.84176093765,4
2022-11-06 05:00:00+00:00,457852.84176093765,5
2022-11-06 06:00:00+00:00,94946.81621453425,6
2022-11-06 07:00:00+00:00,32691.48603038383,7
2022-11-06 08:00:00+00:00,72255.12678443387,8
2022-11-06 09:00:00+00:00,17280.34377067341,9
2022-11-06 10:00:00+00:00,1288.4203308581289,10
2022-11-06 11:00:00+00:00,3734.4882858110113,11
2022-11-06 12:00:00+00:00,970.6655174007045,12
2022-11-06 13:00:00+00:00,2062.66135937879,13
2022-11-06 14:00:00+00:00,475376.5474405654,14
2022-11-06 15:00:00+00:00,4713.211615450409,15
2022-11-06 16:00:00+00:00,3075.892969545762,16
2022-11-06 17:00:00+00:00,2566.935762887787,17
2022-11-06 18:00:00+00:00,5886.215525330861,18
2022-11-06 19:00:00+00:00,5701.537511410729,19
2022-11-06 20:00:00+00:00,9765.350343696078,20
2022-11-06 21:00:00+00:00,9765.350343696078,21
2022-11-06 22:00:00+00:00,35835.64042720907,22
2022-11-06 23:00:00+00:00,9696.038748775498,23
2022-11-07 00:00:00+00:00,70796.75501232436,0
2022-11-07 01:00:00+00:00,6413.377362199528,1
2022-11-07 02:00:00+00:00,6121.188471184969,2
2022-11-07 03:00:00+00:00,14497.964175806837,3
2022-11-07 04:00:00+00:00,2308.3472012184934,4
2022-11-07 05:00:00+00:00,3108.0345369483935,5
2022-11-07 06:00:00+00:00,4675.230749044416,6
2022-11-07 07:00:00+00:00,2515.5880802231495,7
2022-11-07 08:00:00+00:00,687.4755759528396,8
2022-11-07 09:00:00+00:00,416.02105923782295,9
2022-11-07 10:00:00+00:00,897.2365110804951,10
2022-11-07 11:00:00+00:00,1171.4007737772451,11
2022-11-07 12:00:00+00:00,919.8669624893391,12
2022-11-07 13:00:00+00:00,823.5116071265145,13
2022-11-07 14:00:00+00:00,984.4954272056652,14
2022-11-07 15:00:00+00:00,984.4954272056652,15
2022-11-07 16:00:00+00:00,1237.6211522491542,16
2022-11-07 17:00:00+00:00,931.8478614031777,17
2022-11-07 18:00:00+00:00,504.27302688525015,18
2022-11-07 19:00:00+00:00,380.69552745291134,19
2022-11-07 20:00:00+00:00,297.5556416727136,20
2022-11-07 21:00:00+00:00,916.5961612962608,21
2022-11-07 22:00:00+00:00,545.2353288464897,22
2022-11-07 23:00:00+00:00,954.0868925236061,23
2022-11-08 00:00:00+00:00,400.80286369003284,0
2022-11-08 01:00:00+00:00,865.2946148735377,1
2022-11-08 02:00:00+00:00,458.914497411244,2
2022-11-08 03:00:00+00:00,2531.095519433959,3
2022-11-08 04:00:00+00:00,569.5505596628361,4
2022-11-08 05:00:00+00:00,3890.810350220573,5
2022-11-08 06:00:00+00:00,3890.810350220573,6
2022-11-08 07:00:00+00:00,1120.064454576231,7
2022-11-08 08:00:00+00:00,375.61243670819647,8
2022-11-08 09:00:00+00:00,415.4616435006904,9
2022-11-08 10:00:00+00:00,108.3561413246808,10
2022-11-08 11:00:00+00:00,384.0511681332109,11
2022-11-08 12:00:00+00:00,519.3878346699021,12
2022-11-08 13:00:00+00:00,743.6578896952461,13
2022-11-08 14:00:00+00:00,1570.252406953022,14
2022-11-08 15:00:00+00:00,1570.252406953022,15
2022-11-08 16:00:00+00:00,3780.956286109641,16
2022-11-08 17:00:00+00:00,3780.956286109641,17
2022-11-08 18:00:00+00:00,9587.463960327526,18
2022-11-08 19:00:00+00:00,756.2736897566139,19
2022-11-08 20:00:00+00:00,543.0324250548605,20
2022-11-08 21:00:00+00:00,489.08598797946166,21
2022-11-08 22:00:00+00:00,763.7656480401774,22
2022-11-08 23:00:00+00:00,1112.9740571563482,23
2022-11-09 00:00:00+00:00,713.9410663064009,0
2022-11-09 01:00:00+00:00,1332.7307336093045,1
2022-11-09 02:00:00+00:00,10994.452773613195,2
2022-11-09 03:00:00+00:00,10432.707829659164,3
2022-11-09 04:00:00+00:00,3328235.8320839587,4
2022-11-09 05:00:00+00:00,3328235.8320839587,5
2022-11-09 06:00:00+00:00,3328235.8320839587,6
2022-11-09 07:00:00+00:00,37721.99809186316,7
2022-11-09 08:00:00+00:00,6276.558556164954,8
2022-11-09 09:00:00+00:00,179810.04497751122,9
2022-11-09 10:00:00+00:00,2099.8254012451807,10
2022-11-09 11:00:00+00:00,1064.5681707781516,11
2022-11-09 12:00:00+00:00,811.9263684595065,12
2022-11-09 13:00:00+00:00,1618.690296612185,13
2022-11-09 14:00:00+00:00,75543.99618372633,14
2022-11-09 15:00:00+00:00,96774.63960327528,15
2022-11-09 16:00:00+00:00,1749.974755552815,16
2022-11-09 17:00:00+00:00,732.5039265196356,17
2022-11-09 18:00:00+00:00,712.6280463575279,18
2022-11-09 19:00:00+00:00,882.3895608276146,19
2022-11-09 20:00:00+00:00,1194.5685850190423,20
2022-11-09 21:00:00+00:00,2039.0333111079422,21
2022-11-09 22:00:00+00:00,2039.0333111079422,22
2022-11-09 23:00:00+00:00,2039.0333111079422,23
2022-11-10 00:00:00+00:00,2039.0333111079422,0
2022-11-10 01:00:00+00:00,2039.0333111079422,1
2022-11-10 02:00:00+00:00,2039.0333111079422,2
2022-11-10 03:00:00+00:00,2039.0333111079422,3
2022-11-10 04:00:00+00:00,12196.010268247173,4
2022-11-10 05:00:00+00:00,8620.129731052843,5
2022-11-10 06:00:00+00:00,8620.129731052843,6
2022-11-10 07:00:00+00:00,1984.1176155816897,7
2022-11-10 08:00:00+00:00,745.3568147961595,8
2022-11-10 09:00:00+00:00,676.5502172607237,9
2022-11-10 10:00:00+00:00,82.48403024624777,10
2022-11-10 11:00:00+00:00,290.87913471332445,11
2022-11-10 12:00:00+00:00,773.9558048872857,12
2022-11-10 13:00:00+00:00,701.3810466704286,13
2022-11-10 14:00:00+00:00,4892.548324450262,14
2022-11-10 15:00:00+00:00,9404.681621453423,15
2022-11-10 16:00:00+00:00,4641.219134022732,16
2022-11-10 17:00:00+00:00,11496.988961965011,17
2022-11-10 18:00:00+00:00,602.6252548203415,18
2022-11-10 19:00:00+00:00,695.1112833454272,19
2022-11-10 20:00:00+00:00,1628.7169730165801,20
