,mape_humidity,hour
2022-08-05 00:00:00+00:00,25.646544602159448,0
2022-08-05 01:00:00+00:00,29.308444145619887,1
2022-08-05 02:00:00+00:00,23.624600378318117,2
2022-08-05 03:00:00+00:00,17.617517620939665,3
2022-08-05 04:00:00+00:00,12.660584102723007,4
2022-08-05 05:00:00+00:00,16.023821448480067,5
2022-08-05 06:00:00+00:00,7.744009407118963,6
2022-08-05 07:00:00+00:00,29.077471891130376,7
2022-08-05 08:00:00+00:00,31.630515352082906,8
2022-08-05 09:00:00+00:00,30.727150843793815,9
2022-08-05 10:00:00+00:00,33.27479873878779,10
2022-08-05 11:00:00+00:00,29.78706112451756,11
2022-08-05 12:00:00+00:00,40.751442484549926,12
2022-08-05 13:00:00+00:00,24.86396269461189,13
2022-08-05 14:00:00+00:00,51.28090227597535,14
2022-08-05 15:00:00+00:00,48.81187248175363,15
2022-08-05 16:00:00+00:00,37.88685613852776,16
2022-08-05 17:00:00+00:00,40.18531888528493,17
2022-08-05 18:00:00+00:00,39.7943195568862,18
2022-08-05 19:00:00+00:00,26.349410321814503,19
2022-08-05 20:00:00+00:00,27.952264962750373,20
2022-08-05 21:00:00+00:00,26.81401526244921,21
2022-08-05 22:00:00+00:00,30.456594067115333,22
2022-08-05 23:00:00+00:00,9.621734681690976,23
2022-08-06 00:00:00+00:00,9.992219837696375,0
2022-08-06 01:00:00+00:00,21.783842871040505,1
2022-08-06 02:00:00+00:00,21.620136170208312,2
2022-08-06 03:00:00+00:00,31.922835822350986,3
2022-08-06 04:00:00+00:00,28.988214913735334,4
2022-08-06 05:00:00+00:00,23.604040505901683,5
2022-08-06 06:00:00+00:00,13.729534758478291,6
2022-08-06 07:00:00+00:00,30.828531084226995,7
2022-08-06 08:00:00+00:00,29.960714246269077,8
2022-08-06 09:00:00+00:00,2.6839611459632517,9
2022-08-06 10:00:00+00:00,27.319703282730668,10
2022-08-06 11:00:00+00:00,60.24297993002723,11
2022-08-06 12:00:00+00:00,82.49932830108334,12
2022-08-06 13:00:00+00:00,15.836902690290236,13
2022-08-06 14:00:00+00:00,11.405271858829623,14
2022-08-06 15:00:00+00:00,40.814796247367326,15
2022-08-06 16:00:00+00:00,48.537313488697635,16
2022-08-06 17:00:00+00:00,45.205290836617564,17
2022-08-06 18:00:00+00:00,40.13625785894533,18
2022-08-06 19:00:00+00:00,15.789325259031056,19
2022-08-06 20:00:00+00:00,22.69295994326291,20
2022-08-06 21:00:00+00:00,23.234711485743674,21
2022-08-06 22:00:00+00:00,25.737531355943098,22
2022-08-06 23:00:00+00:00,29.23691196339388,23
2022-08-07 00:00:00+00:00,24.260706388202316,0
2022-08-07 01:00:00+00:00,16.587152463090717,1
2022-08-07 02:00:00+00:00,13.505536748893782,2
2022-08-07 03:00:00+00:00,14.672951404905755,3
2022-08-07 04:00:00+00:00,17.442886552316768,4
2022-08-07 05:00:00+00:00,11.55124344042747,5
2022-08-07 06:00:00+00:00,5.1332956252052915,6
2022-08-07 07:00:00+00:00,14.163328284865385,7
2022-08-07 08:00:00+00:00,24.70726813289501,8
2022-08-07 09:00:00+00:00,30.6602011156418,9
2022-08-07 10:00:00+00:00,29.461150791779684,10
2022-08-07 11:00:00+00:00,17.414546766903378,11
2022-08-07 12:00:00+00:00,9.70031793013063,12
2022-08-07 13:00:00+00:00,32.39722611478768,13
2022-08-07 14:00:00+00:00,21.067529044255128,14
2022-08-07 15:00:00+00:00,41.48660482100865,15
2022-08-07 16:00:00+00:00,12.830122974288408,16
2022-08-07 17:00:00+00:00,1.499134283751142,17
2022-08-07 18:00:00+00:00,7.269563681049738,18
2022-08-07 19:00:00+00:00,14.47225422654064,19
2022-08-07 20:00:00+00:00,18.37812250727353,20
2022-08-07 21:00:00+00:00,4.832803185415557,21
2022-08-07 22:00:00+00:00,9.900562311002025,22
2022-08-07 23:00:00+00:00,23.577073953847417,23
2022-08-08 00:00:00+00:00,0.5782972553377294,0
2022-08-08 01:00:00+00:00,7.187048261961464,1
2022-08-08 02:00:00+00:00,7.82318320758722,2
2022-08-08 03:00:00+00:00,8.21937985849667,3
2022-08-08 04:00:00+00:00,9.77122024171352,4
2022-08-08 05:00:00+00:00,6.4392252413204165,5
2022-08-08 06:00:00+00:00,14.830480114242864,6
2022-08-08 07:00:00+00:00,16.61879446176023,7
2022-08-08 08:00:00+00:00,11.89394105890659,8
2022-08-08 09:00:00+00:00,4.46561472268947,9
2022-08-08 10:00:00+00:00,12.978559004706769,10
2022-08-08 11:00:00+00:00,150.81356821780705,11
2022-08-08 12:00:00+00:00,150.55689007145043,12
2022-08-08 13:00:00+00:00,66.08659012145318,13
2022-08-08 14:00:00+00:00,61.20402367864304,14
2022-08-08 15:00:00+00:00,52.15071373477173,15
2022-08-08 16:00:00+00:00,34.89468579173545,16
2022-08-08 17:00:00+00:00,51.78788321601909,17
2022-08-08 18:00:00+00:00,49.92373106039003,18
2022-08-08 19:00:00+00:00,38.943261422166245,19
2022-08-08 20:00:00+00:00,20.09190023384958,20
2022-08-08 21:00:00+00:00,25.887671590627033,21
2022-08-08 22:00:00+00:00,24.25402417329018,22
2022-08-08 23:00:00+00:00,29.10040426555601,23
2022-08-09 00:00:00+00:00,22.65650942295798,0
2022-08-09 01:00:00+00:00,22.598995025351403,1
2022-08-09 02:00:00+00:00,32.41602389254471,2
2022-08-09 03:00:00+00:00,28.559950914865233,3
2022-08-09 04:00:00+00:00,32.94572318881927,4
2022-08-09 05:00:00+00:00,26.951868396702537,5
2022-08-09 06:00:00+00:00,16.87238989964954,6
2022-08-09 07:00:00+00:00,20.353975893320676,7
2022-08-09 08:00:00+00:00,20.89860001677355,8
2022-08-09 09:00:00+00:00,9.854372009472199,9
2022-08-09 10:00:00+00:00,0.2095441175981325,10
2022-08-09 11:00:00+00:00,5.546855047546462,11
2022-08-09 12:00:00+00:00,24.437664896108817,12
2022-08-09 13:00:00+00:00,25.14005969370453,13
2022-08-09 14:00:00+00:00,19.456205488564695,14
2022-08-09 15:00:00+00:00,8.558337277057424,15
2022-08-09 16:00:00+00:00,36.78677039817171,16
2022-08-09 17:00:00+00:00,57.801598677642765,17
2022-08-09 18:00:00+00:00,30.864175162525807,18
2022-08-09 19:00:00+00:00,28.36863533662254,19
2022-08-09 20:00:00+00:00,27.47783878157797,20
2022-08-09 21:00:00+00:00,33.38488497330177,21
2022-08-09 22:00:00+00:00,37.83872897605913,22
2022-08-09 23:00:00+00:00,33.59781639265015,23
2022-08-10 00:00:00+00:00,36.167992432747745,0
2022-08-10 01:00:00+00:00,22.585979237043546,1
2022-08-10 02:00:00+00:00,23.987094782328498,2
2022-08-10 03:00:00+00:00,26.858259627030144,3
2022-08-10 04:00:00+00:00,11.221896521329663,4
2022-08-10 05:00:00+00:00,8.776620006218087,5
2022-08-10 06:00:00+00:00,78.02983815836498,6
2022-08-10 07:00:00+00:00,79.73792878590947,7
2022-08-10 08:00:00+00:00,33.578223657527104,8
2022-08-10 09:00:00+00:00,26.4193015953697,9
2022-08-10 10:00:00+00:00,26.869388783769786,10
2022-08-10 11:00:00+00:00,27.210906673629413,11
2022-08-10 12:00:00+00:00,0.33752358678608857,12
2022-08-10 13:00:00+00:00,20.62068518087415,13
2022-08-10 14:00:00+00:00,4.08886303855388,14
2022-08-10 15:00:00+00:00,25.51832594989405,15
2022-08-10 16:00:00+00:00,30.733684209368985,16
2022-08-10 17:00:00+00:00,40.511791223959506,17
2022-08-10 18:00:00+00:00,36.061620723266536,18
2022-08-10 19:00:00+00:00,30.510364057489546,19
2022-08-10 20:00:00+00:00,25.487835796053503,20
2022-08-10 21:00:00+00:00,11.01175098908622,21
2022-08-10 22:00:00+00:00,5.313126304732774,22
2022-08-10 23:00:00+00:00,14.40088876334352,23
2022-08-11 00:00:00+00:00,8.119880913521357,0
2022-08-11 01:00:00+00:00,0.5706675136573113,1
2022-08-11 02:00:00+00:00,14.272273402865657,2
2022-08-11 03:00:00+00:00,9.251541320272658,3
2022-08-11 04:00:00+00:00,7.97727340196425,4
2022-08-11 05:00:00+00:00,2.466359052306657,5
2022-08-11 06:00:00+00:00,17.199631993155542,6
2022-08-11 07:00:00+00:00,14.19344952969972,7
2022-08-11 08:00:00+00:00,22.651070901606673,8
2022-08-11 09:00:00+00:00,4.288210512319228,9
2022-08-11 10:00:00+00:00,6.164463043342956,10
2022-08-11 11:00:00+00:00,1.9487628902650382,11
2022-08-11 12:00:00+00:00,10.570159945268943,12
2022-08-11 13:00:00+00:00,0.4654812503651744,13
2022-08-11 14:00:00+00:00,13.054726296065274,14
2022-08-11 15:00:00+00:00,5.830655817678111,15
2022-08-11 16:00:00+00:00,38.504427830400786,16
2022-08-11 17:00:00+00:00,0.5881894377371718,17
2022-08-11 18:00:00+00:00,6.615876079267564,18
2022-08-11 19:00:00+00:00,10.489191766942229,19
2022-08-11 20:00:00+00:00,12.174772203315399,20
2022-08-11 21:00:00+00:00,16.629712455878266,21
2022-08-11 22:00:00+00:00,13.530331734156878,22
2022-08-11 23:00:00+00:00,15.59429742568859,23
2022-08-12 00:00:00+00:00,4.3034071110499035,0
2022-08-12 01:00:00+00:00,4.777357448673287,1
2022-08-12 02:00:00+00:00,0.7452357068627898,2
2022-08-12 03:00:00+00:00,0.31140817256569747,3
2022-08-12 04:00:00+00:00,5.779566453835357,4
2022-08-12 05:00:00+00:00,26.39743666806103,5
2022-08-12 06:00:00+00:00,17.598884095460804,6
2022-08-12 07:00:00+00:00,19.445154068075848,7
2022-08-12 08:00:00+00:00,9.069791545022952,8
2022-08-12 09:00:00+00:00,10.05763956168689,9
2022-08-12 10:00:00+00:00,0.8740294775854892,10
2022-08-12 11:00:00+00:00,1.408120741613445,11
2022-08-12 12:00:00+00:00,106.32730898805033,12
2022-08-12 13:00:00+00:00,6.994141809774603,13
2022-08-12 14:00:00+00:00,27.851375637528925,14
2022-08-12 15:00:00+00:00,32.84201202253905,15
2022-08-12 16:00:00+00:00,32.848388854088526,16
2022-08-12 17:00:00+00:00,37.02162272614587,17
2022-08-12 18:00:00+00:00,20.036376044860322,18
2022-08-12 19:00:00+00:00,7.856571037555395,19
2022-08-12 20:00:00+00:00,6.110572867050945,20
2022-08-12 21:00:00+00:00,6.100202870661245,21
2022-08-12 22:00:00+00:00,0.9884877524075892,22
2022-08-12 23:00:00+00:00,4.705922161722166,23
2022-08-13 00:00:00+00:00,4.693379787414515,0
2022-08-13 01:00:00+00:00,4.914055454911906,1
2022-08-13 02:00:00+00:00,1.344801989408912,2
2022-08-13 03:00:00+00:00,2.112093004341797,3
2022-08-13 04:00:00+00:00,1.1427460361177022,4
2022-08-13 05:00:00+00:00,7.958734069406767,5
2022-08-13 06:00:00+00:00,16.098626689106364,6
2022-08-13 07:00:00+00:00,22.35006726642571,7
2022-08-13 08:00:00+00:00,26.1036457328246,8
2022-08-13 09:00:00+00:00,21.70459116954834,9
2022-08-13 10:00:00+00:00,5.446000334351695,10
2022-08-13 11:00:00+00:00,12.374487768461076,11
2022-08-13 12:00:00+00:00,11.575204695313502,12
2022-08-13 13:00:00+00:00,55.16991369539868,13
2022-08-13 14:00:00+00:00,32.889591433098886,14
2022-08-13 15:00:00+00:00,29.979138784847976,15
2022-08-13 16:00:00+00:00,46.29147334737922,16
2022-08-13 17:00:00+00:00,49.5288828969141,17
2022-08-13 18:00:00+00:00,31.26235819946166,18
2022-08-13 19:00:00+00:00,12.563436424635066,19
2022-08-13 20:00:00+00:00,11.01819103319188,20
2022-08-13 21:00:00+00:00,13.841246233720664,21
2022-08-13 22:00:00+00:00,12.561443054002808,22
2022-08-13 23:00:00+00:00,14.029294459029037,23
2022-08-14 00:00:00+00:00,4.966447651028464,0
2022-08-14 01:00:00+00:00,11.845307825308847,1
2022-08-14 02:00:00+00:00,11.140289921537445,2
2022-08-14 03:00:00+00:00,6.923916749985022,3
2022-08-14 04:00:00+00:00,4.395838537396238,4
2022-08-14 05:00:00+00:00,1.0071566615584127,5
2022-08-14 06:00:00+00:00,14.221005046860713,6
2022-08-14 07:00:00+00:00,13.631990088722507,7
2022-08-14 08:00:00+00:00,8.985834856743388,8
2022-08-14 09:00:00+00:00,5.64846540981606,9
2022-08-14 10:00:00+00:00,14.415194851552105,10
2022-08-14 11:00:00+00:00,41.808333515406794,11
2022-08-14 12:00:00+00:00,22.8133312329241,12
2022-08-14 13:00:00+00:00,4.79896988518706,13
2022-08-14 14:00:00+00:00,14.757720575275277,14
2022-08-14 15:00:00+00:00,15.987259941794166,15
2022-08-14 16:00:00+00:00,1.0268663778206906,16
2022-08-14 17:00:00+00:00,5.766350462335755,17
2022-08-14 18:00:00+00:00,5.248655612115838,18
2022-08-14 19:00:00+00:00,5.808989729166051,19
2022-08-14 20:00:00+00:00,1.8671710608804695,20
2022-08-14 21:00:00+00:00,3.139400618906211,21
2022-08-14 22:00:00+00:00,2.969680267275687,22
2022-08-14 23:00:00+00:00,5.058668001383648,23
2022-08-15 00:00:00+00:00,3.2357129232277475,0
2022-08-15 01:00:00+00:00,3.6148273846787324,1
2022-08-15 02:00:00+00:00,2.5007576965264886,2
2022-08-15 03:00:00+00:00,5.520552812447338,3
2022-08-15 04:00:00+00:00,4.0640786742147865,4
2022-08-15 05:00:00+00:00,30.40410266104599,5
2022-08-15 06:00:00+00:00,0.18467498716125427,6
2022-08-15 07:00:00+00:00,8.396041476083145,7
2022-08-15 08:00:00+00:00,10.057040700500751,8
2022-08-15 09:00:00+00:00,10.408658107280504,9
2022-08-15 10:00:00+00:00,19.679070288213442,10
2022-08-15 11:00:00+00:00,18.60410479499518,11
2022-08-15 12:00:00+00:00,10.086966206621302,12
2022-08-15 13:00:00+00:00,1.6052502126556467,13
2022-08-15 14:00:00+00:00,13.46134975259989,14
2022-08-15 15:00:00+00:00,104.72020286930788,15
2022-08-15 16:00:00+00:00,74.92021530472304,16
2022-08-15 17:00:00+00:00,38.68889888941072,17
2022-08-15 18:00:00+00:00,42.29391848514855,18
2022-08-15 19:00:00+00:00,39.33231880118235,19
2022-08-15 20:00:00+00:00,37.87124639382319,20
2022-08-15 21:00:00+00:00,39.6031997330014,21
2022-08-15 22:00:00+00:00,36.201730129331054,22
2022-08-15 23:00:00+00:00,32.54041573137224,23
2022-08-16 00:00:00+00:00,29.46607348078073,0
2022-08-16 01:00:00+00:00,23.568581187319925,1
2022-08-16 02:00:00+00:00,25.20909603593632,2
2022-08-16 03:00:00+00:00,23.93225931036395,3
2022-08-16 04:00:00+00:00,21.205663658101916,4
2022-08-16 05:00:00+00:00,9.062974788102702,5
2022-08-16 06:00:00+00:00,14.630283645733144,6
2022-08-16 07:00:00+00:00,29.46466620622768,7
2022-08-16 08:00:00+00:00,31.69757665357223,8
2022-08-16 09:00:00+00:00,113.74694742640705,9
2022-08-16 10:00:00+00:00,133.61198753606385,10
2022-08-16 11:00:00+00:00,125.15024226000516,11
2022-08-16 12:00:00+00:00,148.8065102583881,12
2022-08-16 13:00:00+00:00,116.72393107411425,13
2022-08-16 14:00:00+00:00,1.5548870312775078,14
2022-08-16 15:00:00+00:00,14.952677016345792,15
2022-08-16 16:00:00+00:00,12.074159398022585,16
2022-08-16 17:00:00+00:00,34.17932003215218,17
2022-08-16 18:00:00+00:00,2.7178233437246972,18
2022-08-16 19:00:00+00:00,1.2612284555567919,19
2022-08-16 20:00:00+00:00,4.859886801810341,20
2022-08-16 21:00:00+00:00,11.117567190217596,21
2022-08-16 22:00:00+00:00,7.725764989185871,22
2022-08-16 23:00:00+00:00,8.792960336655323,23
2022-08-17 00:00:00+00:00,5.083832946842906,0
2022-08-17 01:00:00+00:00,4.953981115808129,1
2022-08-17 02:00:00+00:00,5.13556425602515,2
2022-08-17 03:00:00+00:00,9.31590564168843,3
2022-08-17 04:00:00+00:00,7.526681970277849,4
2022-08-17 05:00:00+00:00,29.602847223069638,5
2022-08-17 06:00:00+00:00,14.910338539671702,6
2022-08-17 07:00:00+00:00,16.66189697141394,7
2022-08-17 08:00:00+00:00,11.820051198847471,8
2022-08-17 09:00:00+00:00,10.4335202023781,9
2022-08-17 10:00:00+00:00,10.150570934887067,10
2022-08-17 11:00:00+00:00,15.10146087200441,11
2022-08-17 12:00:00+00:00,9.282674353949968,12
2022-08-17 13:00:00+00:00,10.557861796244108,13
2022-08-17 14:00:00+00:00,14.928737575785208,14
2022-08-17 15:00:00+00:00,25.670940546291327,15
2022-08-17 16:00:00+00:00,32.86943192070188,16
2022-08-17 17:00:00+00:00,46.80528877422788,17
2022-08-17 18:00:00+00:00,38.471558525997736,18
2022-08-17 19:00:00+00:00,22.949741964636875,19
2022-08-17 20:00:00+00:00,18.1099928773496,20
2022-08-17 21:00:00+00:00,20.535639072872677,21
2022-08-17 22:00:00+00:00,19.638080194499132,22
2022-08-17 23:00:00+00:00,28.058707222788502,23
2022-08-18 00:00:00+00:00,26.946586474891028,0
2022-08-18 01:00:00+00:00,29.240467174652725,1
2022-08-18 02:00:00+00:00,28.992729749155227,2
2022-08-18 03:00:00+00:00,22.31560837784333,3
2022-08-18 04:00:00+00:00,20.934432642784238,4
2022-08-18 05:00:00+00:00,7.289161789373745,5
2022-08-18 06:00:00+00:00,3.776245464845446,6
2022-08-18 07:00:00+00:00,11.80255991994255,7
2022-08-18 08:00:00+00:00,7.505698462581976,8
2022-08-18 09:00:00+00:00,6.5850556738156225,9
2022-08-18 10:00:00+00:00,2.9996241586886803,10
2022-08-18 11:00:00+00:00,7.648412272263869,11
2022-08-18 12:00:00+00:00,18.604102564257165,12
2022-08-18 13:00:00+00:00,21.272325663353982,13
2022-08-18 14:00:00+00:00,23.219913683187126,14
2022-08-18 15:00:00+00:00,151.08353189366534,15
2022-08-18 16:00:00+00:00,31.668817700317653,16
2022-08-18 17:00:00+00:00,46.386242888637746,17
2022-08-18 18:00:00+00:00,40.18745252379045,18
2022-08-18 19:00:00+00:00,24.888254207282014,19
2022-08-18 20:00:00+00:00,29.701780133564547,20
2022-08-18 21:00:00+00:00,30.053456032660865,21
2022-08-18 22:00:00+00:00,27.623123471151573,22
2022-08-18 23:00:00+00:00,27.985991114851572,23
2022-08-19 00:00:00+00:00,22.147392186585538,0
2022-08-19 01:00:00+00:00,26.620027152296462,1
2022-08-19 02:00:00+00:00,20.497256668603576,2
2022-08-19 03:00:00+00:00,17.99500736783319,3
2022-08-19 04:00:00+00:00,20.599108231279224,4
2022-08-19 05:00:00+00:00,2.798745184819206,5
2022-08-19 06:00:00+00:00,25.600936552916338,6
2022-08-19 07:00:00+00:00,33.58873874573551,7
2022-08-19 08:00:00+00:00,33.29879408067844,8
2022-08-19 09:00:00+00:00,106.70708013377967,9
2022-08-19 10:00:00+00:00,137.35178258710434,10
2022-08-19 11:00:00+00:00,138.3953502232288,11
2022-08-19 12:00:00+00:00,159.7428778115228,12
2022-08-19 13:00:00+00:00,73.4286087044607,13
2022-08-19 14:00:00+00:00,58.40386859085207,14
2022-08-19 15:00:00+00:00,10.921473538956224,15
2022-08-19 16:00:00+00:00,40.059451034482294,16
2022-08-19 17:00:00+00:00,50.43488104933189,17
2022-08-19 18:00:00+00:00,37.19575344776842,18
2022-08-19 19:00:00+00:00,17.009484558482928,19
2022-08-19 20:00:00+00:00,18.443232604126205,20
2022-08-19 21:00:00+00:00,22.970484086857454,21
2022-08-19 22:00:00+00:00,24.863287935695606,22
2022-08-19 23:00:00+00:00,15.232338297821634,23
2022-08-20 00:00:00+00:00,13.312299870092303,0
2022-08-20 01:00:00+00:00,5.353051480471746,1
2022-08-20 02:00:00+00:00,19.80420770137378,2
2022-08-20 03:00:00+00:00,20.50843373579488,3
2022-08-20 04:00:00+00:00,16.505582355588576,4
2022-08-20 05:00:00+00:00,10.98405975120638,5
2022-08-20 06:00:00+00:00,3.373082129359977,6
2022-08-20 07:00:00+00:00,10.112007769503274,7
2022-08-20 08:00:00+00:00,33.600307232124685,8
2022-08-20 09:00:00+00:00,102.86681464523484,9
2022-08-20 10:00:00+00:00,120.11938483776163,10
2022-08-20 11:00:00+00:00,53.704462281934894,11
2022-08-20 12:00:00+00:00,48.59950680204717,12
2022-08-20 13:00:00+00:00,109.25312740500561,13
2022-08-20 14:00:00+00:00,19.71380862203237,14
2022-08-20 15:00:00+00:00,16.944196607904736,15
2022-08-20 16:00:00+00:00,29.708465862163326,16
2022-08-20 17:00:00+00:00,4.870944554228205,17
2022-08-20 18:00:00+00:00,1.3222179313213975,18
2022-08-20 19:00:00+00:00,0.042972796579792104,19
2022-08-20 20:00:00+00:00,2.809207611411615,20
2022-08-20 21:00:00+00:00,10.351603856659567,21
2022-08-20 22:00:00+00:00,3.3223196560093404,22
2022-08-20 23:00:00+00:00,0.18405886703462457,23
2022-08-21 00:00:00+00:00,1.226886075817295,0
2022-08-21 01:00:00+00:00,3.8522411230957303,1
2022-08-21 02:00:00+00:00,0.6671969053422092,2
2022-08-21 03:00:00+00:00,9.154613329853092,3
2022-08-21 04:00:00+00:00,8.316925929101494,4
2022-08-21 05:00:00+00:00,12.232482479398842,5
2022-08-21 06:00:00+00:00,14.63959616495395,6
2022-08-21 07:00:00+00:00,21.584612251473448,7
2022-08-21 08:00:00+00:00,11.033625656948955,8
2022-08-21 09:00:00+00:00,8.496663821768614,9
2022-08-21 10:00:00+00:00,26.886962453428776,10
2022-08-21 11:00:00+00:00,12.413235823935159,11
2022-08-21 12:00:00+00:00,1.2544107945639806,12
2022-08-21 13:00:00+00:00,22.415654026148356,13
2022-08-21 14:00:00+00:00,39.75780630059717,14
2022-08-21 15:00:00+00:00,2.930603060976228,15
2022-08-21 16:00:00+00:00,11.904695035513331,16
2022-08-21 17:00:00+00:00,12.967759241150272,17
2022-08-21 18:00:00+00:00,10.309293000034755,18
2022-08-21 19:00:00+00:00,1.1957316358096304,19
2022-08-21 20:00:00+00:00,1.417170088731946,20
2022-08-21 21:00:00+00:00,8.840277636310626,21
2022-08-21 22:00:00+00:00,2.089450668069562,22
2022-08-21 23:00:00+00:00,0.6199742530612641,23
2022-08-22 00:00:00+00:00,0.8636575866245442,0
2022-08-22 01:00:00+00:00,1.8180662799505771,1
2022-08-22 02:00:00+00:00,0.487981396895186,2
2022-08-22 03:00:00+00:00,2.2758906294266783,3
2022-08-22 04:00:00+00:00,2.405531351253697,4
2022-08-22 05:00:00+00:00,13.606267657786677,5
2022-08-22 06:00:00+00:00,3.5041714284289074,6
2022-08-22 07:00:00+00:00,9.155844835998755,7
2022-08-22 08:00:00+00:00,5.67729545127868,8
2022-08-22 09:00:00+00:00,5.520652733017815,9
2022-08-22 10:00:00+00:00,15.025363580167566,10
2022-08-22 11:00:00+00:00,18.775472914188857,11
2022-08-22 12:00:00+00:00,30.171137372820734,12
2022-08-22 13:00:00+00:00,20.47733459338674,13
2022-08-22 14:00:00+00:00,21.20481236235954,14
2022-08-22 15:00:00+00:00,34.116153149232765,15
2022-08-22 16:00:00+00:00,24.42148973740973,16
2022-08-22 17:00:00+00:00,2.5140102480672457,17
2022-08-22 18:00:00+00:00,6.366757378918159,18
2022-08-22 19:00:00+00:00,0.03410524746946293,19
2022-08-22 20:00:00+00:00,10.17617169854598,20
2022-08-22 21:00:00+00:00,8.090529011631062,21
2022-08-22 22:00:00+00:00,2.324348953569191,22
2022-08-22 23:00:00+00:00,3.624284877132703,23
2022-08-23 00:00:00+00:00,2.8183262683706816,0
2022-08-23 01:00:00+00:00,0.772428297172698,1
2022-08-23 02:00:00+00:00,0.518475438567541,2
2022-08-23 03:00:00+00:00,4.495087795234976,3
2022-08-23 04:00:00+00:00,4.70302990519031,4
2022-08-23 05:00:00+00:00,25.2250526217208,5
2022-08-23 06:00:00+00:00,38.235741735944025,6
2022-08-23 07:00:00+00:00,36.21184940488688,7
2022-08-23 08:00:00+00:00,46.74452301195343,8
2022-08-23 09:00:00+00:00,38.86296760070213,9
2022-08-23 10:00:00+00:00,0.22665178935186198,10
2022-08-23 11:00:00+00:00,0.009504871593958106,11
2022-08-23 12:00:00+00:00,0.6719731436640688,12
2022-08-23 13:00:00+00:00,0.9665390693880711,13
2022-08-23 14:00:00+00:00,7.931318553026684,14
2022-08-23 15:00:00+00:00,25.483570873856486,15
2022-08-23 16:00:00+00:00,21.947980471588767,16
2022-08-23 17:00:00+00:00,26.617924078729526,17
2022-08-23 18:00:00+00:00,36.65268010632848,18
2022-08-23 19:00:00+00:00,4.498613042158404,19
2022-08-23 20:00:00+00:00,4.586169782887131,20
2022-08-23 21:00:00+00:00,4.909148415199551,21
2022-08-23 22:00:00+00:00,16.510936371593132,22
2022-08-23 23:00:00+00:00,17.9904178204815,23
2022-08-24 00:00:00+00:00,17.91619489403752,0
2022-08-24 01:00:00+00:00,18.727586592239888,1
2022-08-24 02:00:00+00:00,19.006594420779653,2
2022-08-24 03:00:00+00:00,19.14378520733132,3
2022-08-24 04:00:00+00:00,17.987169836719204,4
2022-08-24 05:00:00+00:00,16.373414272131264,5
2022-08-24 06:00:00+00:00,14.957322344631491,6
2022-08-24 07:00:00+00:00,9.47762417166883,7
2022-08-24 08:00:00+00:00,15.181060986442843,8
2022-08-24 09:00:00+00:00,16.536866740864546,9
2022-08-24 10:00:00+00:00,20.320508541074332,10
2022-08-24 11:00:00+00:00,53.00000394578957,11
2022-08-24 12:00:00+00:00,19.83011192803951,12
2022-08-24 13:00:00+00:00,6.086333057842483,13
2022-08-24 14:00:00+00:00,8.6874737476487,14
2022-08-24 15:00:00+00:00,12.847474447249496,15
2022-08-24 16:00:00+00:00,29.848928122505843,16
2022-08-24 17:00:00+00:00,24.95676323216885,17
2022-08-24 18:00:00+00:00,1.1929591302630163,18
2022-08-24 19:00:00+00:00,1.5606778951960154,19
2022-08-24 20:00:00+00:00,1.3406493789944836,20
2022-08-24 21:00:00+00:00,0.2773771819041577,21
2022-08-24 22:00:00+00:00,7.1599414992447485,22
2022-08-24 23:00:00+00:00,6.879321844428573,23
2022-08-25 00:00:00+00:00,6.47157037758366,0
2022-08-25 01:00:00+00:00,5.0705948454519705,1
2022-08-25 02:00:00+00:00,0.8789576009389609,2
2022-08-25 03:00:00+00:00,0.9228734696115513,3
2022-08-25 04:00:00+00:00,1.309453425798917,4
2022-08-25 05:00:00+00:00,6.279850222294482,5
2022-08-25 06:00:00+00:00,5.71533754757114,6
2022-08-25 07:00:00+00:00,23.42075863195267,7
2022-08-25 08:00:00+00:00,13.468540478149043,8
2022-08-25 09:00:00+00:00,14.265741005782385,9
2022-08-25 10:00:00+00:00,2.97299894882025,10
2022-08-25 11:00:00+00:00,9.726132843327486,11
2022-08-25 12:00:00+00:00,22.90618273491439,12
2022-08-25 13:00:00+00:00,12.26192223386096,13
2022-08-25 14:00:00+00:00,12.03837863275387,14
2022-08-25 15:00:00+00:00,17.85053839710131,15
2022-08-25 16:00:00+00:00,24.891636700279864,16
2022-08-25 17:00:00+00:00,5.149884082363373,17
2022-08-25 18:00:00+00:00,0.3553354288521082,18
2022-08-25 19:00:00+00:00,0.38657701648108767,19
2022-08-25 20:00:00+00:00,5.872264032431827,20
2022-08-25 21:00:00+00:00,7.582098043785377,21
2022-08-25 22:00:00+00:00,1.770408124598752,22
2022-08-25 23:00:00+00:00,8.287997989005905,23
2022-08-26 00:00:00+00:00,3.9509341888541467,0
2022-08-26 01:00:00+00:00,3.5949019429361933,1
2022-08-26 02:00:00+00:00,3.2528253845006185,2
2022-08-26 03:00:00+00:00,11.494238146261221,3
2022-08-26 04:00:00+00:00,10.586785014591834,4
2022-08-26 05:00:00+00:00,9.492078928867455,5
2022-08-26 06:00:00+00:00,7.52322233347118,6
2022-08-26 07:00:00+00:00,12.708784081484337,7
2022-08-26 08:00:00+00:00,16.050438994990834,8
2022-08-26 09:00:00+00:00,22.86064224025289,9
2022-08-26 10:00:00+00:00,61.35872425150005,10
2022-08-26 11:00:00+00:00,29.98786981501103,11
2022-08-26 12:00:00+00:00,28.558543594469715,12
2022-08-26 13:00:00+00:00,4.398515656589916,13
2022-08-26 14:00:00+00:00,45.85701135793107,14
2022-08-26 15:00:00+00:00,21.210993436491407,15
2022-08-26 16:00:00+00:00,30.07748654251966,16
2022-08-26 17:00:00+00:00,29.148795040642376,17
2022-08-26 18:00:00+00:00,8.7345059487878,18
2022-08-26 19:00:00+00:00,7.546998911470737,19
2022-08-26 20:00:00+00:00,0.5752403046175759,20
2022-08-26 21:00:00+00:00,1.8082875250574888,21
2022-08-26 22:00:00+00:00,3.21371728940505,22
2022-08-26 23:00:00+00:00,5.602872059179563,23
2022-08-27 00:00:00+00:00,7.575143283356953,0
2022-08-27 01:00:00+00:00,1.4059215002363445,1
2022-08-27 02:00:00+00:00,10.3546593788325,2
2022-08-27 03:00:00+00:00,14.694707464159773,3
2022-08-27 04:00:00+00:00,7.253271921883655,4
2022-08-27 05:00:00+00:00,7.873661169951035,5
2022-08-27 06:00:00+00:00,31.02905396386092,6
2022-08-27 07:00:00+00:00,2.3210779427214363,7
2022-08-27 08:00:00+00:00,24.134492521280045,8
2022-08-27 09:00:00+00:00,28.525322204373037,9
2022-08-27 10:00:00+00:00,10.069058966922254,10
2022-08-27 11:00:00+00:00,3.8424225851411338,11
2022-08-27 12:00:00+00:00,5.302612696273677,12
2022-08-27 13:00:00+00:00,55.232112462560835,13
2022-08-27 14:00:00+00:00,57.527730081881735,14
2022-08-27 15:00:00+00:00,34.33934707843225,15
2022-08-27 16:00:00+00:00,5.175152442769986,16
2022-08-27 17:00:00+00:00,43.13214812716133,17
2022-08-27 18:00:00+00:00,26.587956575115808,18
2022-08-27 19:00:00+00:00,2.7341084217840583,19
2022-08-27 20:00:00+00:00,3.2299537393097886,20
2022-08-27 21:00:00+00:00,9.640330763425952,21
2022-08-27 22:00:00+00:00,9.029646656608978,22
2022-08-27 23:00:00+00:00,6.121667862768735,23
2022-08-28 00:00:00+00:00,13.197345052388313,0
2022-08-28 01:00:00+00:00,14.238575256068817,1
2022-08-28 02:00:00+00:00,6.593749407365647,2
2022-08-28 03:00:00+00:00,17.068747731586335,3
2022-08-28 04:00:00+00:00,16.47673024556145,4
2022-08-28 05:00:00+00:00,6.143253504773261,5
2022-08-28 06:00:00+00:00,2.859422231291151,6
2022-08-28 07:00:00+00:00,3.4800458715813436,7
2022-08-28 08:00:00+00:00,12.701905135423594,8
2022-08-28 09:00:00+00:00,11.959695735643141,9
2022-08-28 10:00:00+00:00,15.203029202374662,10
2022-08-28 11:00:00+00:00,76.79092704967108,11
2022-08-28 12:00:00+00:00,11.51060685485051,12
2022-08-28 13:00:00+00:00,11.824790372011693,13
2022-08-28 14:00:00+00:00,39.75936015834683,14
2022-08-28 15:00:00+00:00,40.500282375743225,15
2022-08-28 16:00:00+00:00,22.578236725512728,16
2022-08-28 17:00:00+00:00,21.41974107697773,17
2022-08-28 18:00:00+00:00,20.618374719232026,18
2022-08-28 19:00:00+00:00,15.54616762584324,19
2022-08-28 20:00:00+00:00,13.531958050738584,20
2022-08-28 21:00:00+00:00,8.015512462376249,21
2022-08-28 22:00:00+00:00,7.470393644304611,22
2022-08-28 23:00:00+00:00,6.615585391876029,23
2022-08-29 00:00:00+00:00,1.842507493060408,0
2022-08-29 01:00:00+00:00,5.401862596589446,1
2022-08-29 02:00:00+00:00,0.5483485113331031,2
2022-08-29 03:00:00+00:00,11.720169284749462,3
2022-08-29 04:00:00+00:00,2.5197179590874708,4
2022-08-29 05:00:00+00:00,13.763001085697935,5
2022-08-29 06:00:00+00:00,6.240470098629204,6
2022-08-29 07:00:00+00:00,6.746180698922714,7
2022-08-29 08:00:00+00:00,7.508335249270337,8
2022-08-29 09:00:00+00:00,2.555437747276621,9
2022-08-29 10:00:00+00:00,0.017742984975068248,10
2022-08-29 11:00:00+00:00,3.3623637240565794,11
2022-08-29 12:00:00+00:00,6.335941938568697,12
2022-08-29 13:00:00+00:00,15.544119827209299,13
2022-08-29 14:00:00+00:00,18.846290004045063,14
2022-08-29 15:00:00+00:00,41.55494122531805,15
2022-08-29 16:00:00+00:00,31.585904301792816,16
2022-08-29 17:00:00+00:00,6.512365214948448,17
2022-08-29 18:00:00+00:00,17.66796626320975,18
2022-08-29 19:00:00+00:00,9.1971193478748,19
2022-08-29 20:00:00+00:00,5.4670908684033614,20
2022-08-29 21:00:00+00:00,1.0435515333532195,21
2022-08-29 22:00:00+00:00,0.4893692714953524,22
2022-08-29 23:00:00+00:00,1.5969813997477926,23
2022-08-30 00:00:00+00:00,1.4511278758432622,0
2022-08-30 01:00:00+00:00,1.4607753261252403,1
2022-08-30 02:00:00+00:00,6.6398317480022335,2
2022-08-30 03:00:00+00:00,1.0936568889504372,3
2022-08-30 04:00:00+00:00,0.16611083636687637,4
2022-08-30 05:00:00+00:00,20.521883271028585,5
2022-08-30 06:00:00+00:00,25.446621878602265,6
2022-08-30 07:00:00+00:00,47.093679163284854,7
2022-08-30 08:00:00+00:00,45.24458999835163,8
2022-08-30 09:00:00+00:00,28.46237924687839,9
2022-08-30 10:00:00+00:00,3.9329087140528998,10
2022-08-30 11:00:00+00:00,23.335308750539806,11
2022-08-30 12:00:00+00:00,32.74355408617659,12
2022-08-30 13:00:00+00:00,19.37818593589099,13
2022-08-30 14:00:00+00:00,16.42474359552336,14
2022-08-30 15:00:00+00:00,8.40942263918657,15
2022-08-30 16:00:00+00:00,16.53347894654122,16
2022-08-30 17:00:00+00:00,42.48913592391477,17
2022-08-30 18:00:00+00:00,23.379432748644536,18
2022-08-30 19:00:00+00:00,0.5361478388501816,19
2022-08-30 20:00:00+00:00,3.8907777832813606,20
2022-08-30 21:00:00+00:00,2.860688336889441,21
2022-08-30 22:00:00+00:00,1.9493603427797874,22
2022-08-30 23:00:00+00:00,10.50634907431461,23
2022-08-31 00:00:00+00:00,4.17113411224528,0
2022-08-31 01:00:00+00:00,9.140113110956099,1
2022-08-31 02:00:00+00:00,9.741008979944072,2
2022-08-31 03:00:00+00:00,12.61873921777657,3
2022-08-31 04:00:00+00:00,11.064592631366532,4
2022-08-31 05:00:00+00:00,10.651248719582874,5
2022-08-31 06:00:00+00:00,10.395959532213919,6
2022-08-31 07:00:00+00:00,30.25753879122634,7
2022-08-31 08:00:00+00:00,23.774031651949574,8
2022-08-31 09:00:00+00:00,27.971975336163794,9
2022-08-31 10:00:00+00:00,29.281429919010204,10
2022-08-31 11:00:00+00:00,25.504893406720296,11
2022-08-31 12:00:00+00:00,88.73985867316665,12
2022-08-31 13:00:00+00:00,1.2241915695431937,13
2022-08-31 14:00:00+00:00,32.36423106676745,14
2022-08-31 15:00:00+00:00,9.25661164109167,15
2022-08-31 16:00:00+00:00,1.6562042782982904,16
2022-08-31 17:00:00+00:00,18.941898832948212,17
2022-08-31 18:00:00+00:00,7.19419880035309,18
2022-08-31 19:00:00+00:00,11.053256971391745,19
2022-08-31 20:00:00+00:00,4.983228346670209,20
2022-08-31 21:00:00+00:00,6.353801364750266,21
2022-08-31 22:00:00+00:00,11.328929952625638,22
2022-08-31 23:00:00+00:00,6.104927540237697,23
2022-09-01 00:00:00+00:00,5.570486910046,0
2022-09-01 01:00:00+00:00,8.419591539088245,1
2022-09-01 02:00:00+00:00,14.780091208974607,2
2022-09-01 03:00:00+00:00,10.232681552652833,3
2022-09-01 04:00:00+00:00,3.107085143956229,4
2022-09-01 05:00:00+00:00,17.339299384822045,5
2022-09-01 06:00:00+00:00,23.178071018610137,6
2022-09-01 07:00:00+00:00,2.8020932540811305,7
2022-09-01 08:00:00+00:00,29.47692654526427,8
2022-09-01 09:00:00+00:00,27.297053225267092,9
2022-09-01 10:00:00+00:00,92.87944946388123,10
2022-09-01 11:00:00+00:00,110.16568937536128,11
2022-09-01 12:00:00+00:00,92.92579847061785,12
2022-09-01 13:00:00+00:00,17.13034826489077,13
2022-09-01 14:00:00+00:00,28.01176904735746,14
2022-09-01 15:00:00+00:00,33.245335851615955,15
2022-09-01 16:00:00+00:00,26.461425340662448,16
2022-09-01 17:00:00+00:00,20.548585533089184,17
2022-09-01 18:00:00+00:00,1.1601385157163857,18
2022-09-01 19:00:00+00:00,2.824835442844191,19
2022-09-01 20:00:00+00:00,0.8476261730589719,20
2022-09-01 21:00:00+00:00,5.71164179175147,21
2022-09-01 22:00:00+00:00,9.336216886451451,22
2022-09-01 23:00:00+00:00,4.169943619593949,23
2022-09-02 00:00:00+00:00,3.8219213612060092,0
2022-09-02 01:00:00+00:00,2.146792834464376,1
2022-09-02 02:00:00+00:00,3.1001713845083847,2
2022-09-02 03:00:00+00:00,0.0874064887666096,3
2022-09-02 04:00:00+00:00,2.554733587566773,4
2022-09-02 05:00:00+00:00,4.648403379096955,5
2022-09-02 06:00:00+00:00,3.943604819740587,6
2022-09-02 07:00:00+00:00,4.183633686871165,7
2022-09-02 08:00:00+00:00,15.459305257676318,8
2022-09-02 09:00:00+00:00,4.884212429662418,9
2022-09-02 10:00:00+00:00,8.902671048110797,10
2022-09-02 11:00:00+00:00,41.08389645914178,11
2022-09-02 12:00:00+00:00,54.99657566337311,12
2022-09-02 13:00:00+00:00,36.91097669841963,13
2022-09-02 14:00:00+00:00,10.049952628269256,14
2022-09-02 15:00:00+00:00,17.733966223731418,15
2022-09-02 16:00:00+00:00,12.42108372254612,16
2022-09-02 17:00:00+00:00,0.437552770051572,17
2022-09-02 18:00:00+00:00,2.1066183946145864,18
2022-09-02 19:00:00+00:00,6.659048445603252,19
2022-09-02 20:00:00+00:00,12.054372367212487,20
2022-09-02 21:00:00+00:00,2.283675286037021,21
2022-09-02 22:00:00+00:00,0.21465173038055746,22
2022-09-02 23:00:00+00:00,1.0441526252881212,23
2022-09-03 00:00:00+00:00,4.97778040299989,0
2022-09-03 01:00:00+00:00,5.1989514680241955,1
2022-09-03 02:00:00+00:00,1.9277657889086408,2
2022-09-03 03:00:00+00:00,8.630914597018318,3
2022-09-03 04:00:00+00:00,8.289826636148137,4
2022-09-03 05:00:00+00:00,25.944076799690468,5
2022-09-03 06:00:00+00:00,40.49235545970854,6
2022-09-03 07:00:00+00:00,55.600530730235775,7
2022-09-03 08:00:00+00:00,29.68311929799534,8
2022-09-03 09:00:00+00:00,10.224872518045883,9
2022-09-03 10:00:00+00:00,3.5200090993436945,10
2022-09-03 11:00:00+00:00,4.096458038803813,11
2022-09-03 12:00:00+00:00,5.721506996649319,12
2022-09-03 13:00:00+00:00,3.754008677608013,13
2022-09-03 14:00:00+00:00,7.2163812984902815,14
2022-09-03 15:00:00+00:00,21.374124930131327,15
2022-09-03 16:00:00+00:00,37.675592999631405,16
2022-09-03 17:00:00+00:00,33.21160183045626,17
2022-09-03 18:00:00+00:00,14.349798989684501,18
2022-09-03 19:00:00+00:00,1.8244457149044653,19
2022-09-03 20:00:00+00:00,11.59670400219078,20
2022-09-03 21:00:00+00:00,5.257271929901373,21
2022-09-03 22:00:00+00:00,7.333461381641235,22
2022-09-03 23:00:00+00:00,2.29861540008559,23
2022-09-04 00:00:00+00:00,2.240963997631669,0
2022-09-04 01:00:00+00:00,2.2296111975168253,1
2022-09-04 02:00:00+00:00,4.297205996563627,2
2022-09-04 03:00:00+00:00,11.318925517619048,3
2022-09-04 04:00:00+00:00,12.033556917424521,4
2022-09-04 05:00:00+00:00,3.9492491460239836,5
2022-09-04 06:00:00+00:00,7.689508566743834,6
2022-09-04 07:00:00+00:00,1.931918270175385,7
2022-09-04 08:00:00+00:00,8.133941060217229,8
2022-09-04 09:00:00+00:00,6.069196248723772,9
2022-09-04 10:00:00+00:00,20.55185262680678,10
2022-09-04 11:00:00+00:00,15.121461331239303,11
2022-09-04 12:00:00+00:00,10.915847447150085,12
2022-09-04 13:00:00+00:00,11.494363929485875,13
2022-09-04 14:00:00+00:00,43.267208694272895,14
2022-09-04 15:00:00+00:00,25.967574371762026,15
2022-09-04 16:00:00+00:00,4.4729327902875236,16
2022-09-04 17:00:00+00:00,26.811970926787332,17
2022-09-04 18:00:00+00:00,31.653687777916033,18
2022-09-04 19:00:00+00:00,30.235529889637647,19
2022-09-04 20:00:00+00:00,18.35503057715948,20
2022-09-04 21:00:00+00:00,9.537366462711578,21
2022-09-04 22:00:00+00:00,8.190055626741108,22
2022-09-04 23:00:00+00:00,3.7904173940284633,23
2022-09-05 00:00:00+00:00,14.020192064388315,0
2022-09-05 01:00:00+00:00,10.937711976012544,1
2022-09-05 02:00:00+00:00,10.616963808964547,2
2022-09-05 03:00:00+00:00,8.748512596385043,3
2022-09-05 04:00:00+00:00,6.597798817920859,4
2022-09-05 05:00:00+00:00,8.831991846016946,5
2022-09-05 06:00:00+00:00,8.865428385739925,6
2022-09-05 07:00:00+00:00,8.108802976995634,7
2022-09-05 08:00:00+00:00,13.329544844687844,8
2022-09-05 09:00:00+00:00,20.17848418409321,9
2022-09-05 10:00:00+00:00,14.150127782608967,10
2022-09-05 11:00:00+00:00,7.559836959068289,11
2022-09-05 12:00:00+00:00,7.5297071444567765,12
2022-09-05 13:00:00+00:00,9.324934663353027,13
2022-09-05 14:00:00+00:00,4.962297468574622,14
2022-09-05 15:00:00+00:00,24.604288095550558,15
2022-09-05 16:00:00+00:00,12.172970512699118,16
2022-09-05 17:00:00+00:00,10.96948076486485,17
2022-09-05 18:00:00+00:00,7.781616318430667,18
2022-09-05 19:00:00+00:00,4.354009605306908,19
2022-09-05 20:00:00+00:00,0.9223210642946726,20
2022-09-05 21:00:00+00:00,7.8112541492040455,21
2022-09-05 22:00:00+00:00,5.126648253970322,22
2022-09-05 23:00:00+00:00,3.3945455930714763,23
2022-09-06 00:00:00+00:00,2.7142981763294847,0
2022-09-06 01:00:00+00:00,5.748485813868765,1
2022-09-06 02:00:00+00:00,5.051198769217165,2
2022-09-06 03:00:00+00:00,1.6039553483043107,3
2022-09-06 04:00:00+00:00,0.13271490611102807,4
2022-09-06 05:00:00+00:00,12.665200279011602,5
2022-09-06 06:00:00+00:00,31.256177942045543,6
2022-09-06 07:00:00+00:00,45.56287952488275,7
2022-09-06 08:00:00+00:00,32.12580005113088,8
2022-09-06 09:00:00+00:00,31.57883916213885,9
2022-09-06 10:00:00+00:00,18.701649985307977,10
2022-09-06 11:00:00+00:00,25.591477491149224,11
2022-09-06 12:00:00+00:00,3.181704150401511,12
2022-09-06 13:00:00+00:00,8.14398383428326,13
2022-09-06 14:00:00+00:00,11.429655089475913,14
2022-09-06 15:00:00+00:00,5.443092867214119,15
2022-09-06 16:00:00+00:00,13.06906022621262,16
2022-09-06 17:00:00+00:00,28.927247315411158,17
2022-09-06 18:00:00+00:00,12.329914393384565,18
2022-09-06 19:00:00+00:00,4.413038955286649,19
2022-09-06 20:00:00+00:00,3.846133834110436,20
2022-09-06 21:00:00+00:00,4.155317830248257,21
2022-09-06 22:00:00+00:00,1.1541340654716798,22
2022-09-06 23:00:00+00:00,6.1158476492517595,23
2022-09-07 00:00:00+00:00,4.8470785839450246,0
2022-09-07 01:00:00+00:00,3.4524219285017277,1
2022-09-07 02:00:00+00:00,12.550711833542449,2
2022-09-07 03:00:00+00:00,2.9223712394601815,3
2022-09-07 04:00:00+00:00,3.2934134204040637,4
2022-09-07 05:00:00+00:00,10.759230171505575,5
2022-09-07 06:00:00+00:00,0.4559834063591137,6
2022-09-07 07:00:00+00:00,3.9491843947342176,7
2022-09-07 08:00:00+00:00,3.489006134851676,8
2022-09-07 09:00:00+00:00,5.338475931718819,9
2022-09-07 10:00:00+00:00,4.79195794494967,10
2022-09-07 11:00:00+00:00,2.3817762920182775,11
2022-09-07 12:00:00+00:00,5.422919102378927,12
2022-09-07 13:00:00+00:00,4.695304403423635,13
2022-09-07 14:00:00+00:00,6.580353332934447,14
2022-09-07 15:00:00+00:00,12.111484081549836,15
2022-09-07 16:00:00+00:00,33.68253522286348,16
2022-09-07 17:00:00+00:00,28.805847950336034,17
2022-09-07 18:00:00+00:00,31.798957296991798,18
2022-09-07 19:00:00+00:00,1.7768605848309564,19
2022-09-07 20:00:00+00:00,3.524298476316433,20
2022-09-07 21:00:00+00:00,3.560707404363049,21
2022-09-07 22:00:00+00:00,3.8613350833622224,22
2022-09-07 23:00:00+00:00,0.3224893019270439,23
2022-09-08 00:00:00+00:00,5.2448824489305,0
2022-09-08 01:00:00+00:00,4.5963609739108175,1
2022-09-08 02:00:00+00:00,2.7071623039948127,2
2022-09-08 03:00:00+00:00,3.2760972563459716,3
2022-09-08 04:00:00+00:00,2.4992441589424508,4
2022-09-08 05:00:00+00:00,21.539693279930294,5
2022-09-08 06:00:00+00:00,35.32584926709775,6
2022-09-08 07:00:00+00:00,26.027533578972452,7
2022-09-08 08:00:00+00:00,35.95571841546901,8
2022-09-08 09:00:00+00:00,23.455309644081243,9
2022-09-08 10:00:00+00:00,10.567162334233423,10
2022-09-08 11:00:00+00:00,11.178320404444323,11
2022-09-08 12:00:00+00:00,15.786687679893163,12
2022-09-08 13:00:00+00:00,19.32952950379333,13
2022-09-08 14:00:00+00:00,22.117975690424156,14
2022-09-08 15:00:00+00:00,30.973216529469937,15
2022-09-08 16:00:00+00:00,43.08104313372394,16
2022-09-08 17:00:00+00:00,44.61077297806348,17
2022-09-08 18:00:00+00:00,44.25917648625938,18
2022-09-08 19:00:00+00:00,43.863632638222896,19
2022-09-08 20:00:00+00:00,42.7327290426024,20
2022-09-08 21:00:00+00:00,41.79765660576357,21
2022-09-08 22:00:00+00:00,41.23995773785589,22
2022-09-08 23:00:00+00:00,41.14121411016121,23
2022-09-09 00:00:00+00:00,40.15658693954081,0
2022-09-09 01:00:00+00:00,39.70138701610432,1
2022-09-09 02:00:00+00:00,38.85990092028587,2
2022-09-09 03:00:00+00:00,36.86843048641953,3
2022-09-09 04:00:00+00:00,34.376371873260396,4
2022-09-09 05:00:00+00:00,23.503206699413305,5
2022-09-09 06:00:00+00:00,21.45887319663413,6
2022-09-09 07:00:00+00:00,22.338058884240468,7
2022-09-09 08:00:00+00:00,18.315240159028562,8
2022-09-09 09:00:00+00:00,18.376599344306328,9
2022-09-09 10:00:00+00:00,21.52168408187695,10
2022-09-09 11:00:00+00:00,21.48068774574857,11
2022-09-09 12:00:00+00:00,22.275651907746223,12
2022-09-09 13:00:00+00:00,5.179582396358833,13
2022-09-09 14:00:00+00:00,20.6955744515195,14
2022-09-09 15:00:00+00:00,29.986691188080076,15
2022-09-09 16:00:00+00:00,38.33538905394293,16
2022-09-09 17:00:00+00:00,34.04082773202373,17
2022-09-09 18:00:00+00:00,13.463630631006021,18
2022-09-09 19:00:00+00:00,10.09115373797949,19
2022-09-09 20:00:00+00:00,11.360114576453105,20
2022-09-09 21:00:00+00:00,4.469484485494787,21
2022-09-09 22:00:00+00:00,5.560037614746,22
2022-09-09 23:00:00+00:00,9.165072485995223,23
2022-09-10 00:00:00+00:00,7.2704613616839024,0
2022-09-10 01:00:00+00:00,1.1618943461084326,1
2022-09-10 02:00:00+00:00,0.8879929013277539,2
2022-09-10 03:00:00+00:00,1.8028092914404923,3
2022-09-10 04:00:00+00:00,7.4979196902579215,4
2022-09-10 05:00:00+00:00,17.126810136065416,5
2022-09-10 06:00:00+00:00,28.01238494886903,6
2022-09-10 07:00:00+00:00,12.996790388945001,7
2022-09-10 08:00:00+00:00,14.712626653291213,8
2022-09-10 09:00:00+00:00,27.875248317747825,9
2022-09-10 10:00:00+00:00,14.144984884436857,10
2022-09-10 11:00:00+00:00,0.26028835400878847,11
2022-09-10 12:00:00+00:00,7.189048794241504,12
2022-09-10 13:00:00+00:00,22.647025827660002,13
2022-09-10 14:00:00+00:00,18.011861544304438,14
2022-09-10 15:00:00+00:00,25.520743579307926,15
2022-09-10 16:00:00+00:00,41.48092691667456,16
2022-09-10 17:00:00+00:00,41.926418906103216,17
2022-09-10 18:00:00+00:00,31.84486983639695,18
2022-09-10 19:00:00+00:00,35.82695524571859,19
2022-09-10 20:00:00+00:00,34.60784190686175,20
2022-09-10 21:00:00+00:00,36.111645204235856,21
2022-09-10 22:00:00+00:00,30.0533430015157,22
2022-09-10 23:00:00+00:00,25.43169778569426,23
2022-09-11 00:00:00+00:00,14.042871614813116,0
2022-09-11 01:00:00+00:00,7.244179775348028,1
2022-09-11 02:00:00+00:00,14.353097452892575,2
2022-09-11 03:00:00+00:00,16.65086120034615,3
2022-09-11 04:00:00+00:00,12.630960787929691,4
2022-09-11 05:00:00+00:00,4.624251282701768,5
2022-09-11 06:00:00+00:00,9.520776294079248,6
2022-09-11 07:00:00+00:00,25.43584251429623,7
2022-09-11 08:00:00+00:00,25.051323147208333,8
2022-09-11 09:00:00+00:00,13.12616713094382,9
2022-09-11 10:00:00+00:00,7.500402156454676,10
2022-09-11 11:00:00+00:00,3.452299589948548,11
2022-09-11 12:00:00+00:00,1.094787973497118,12
2022-09-11 13:00:00+00:00,8.376472320099609,13
2022-09-11 14:00:00+00:00,23.580058706190805,14
2022-09-11 15:00:00+00:00,18.677965220638637,15
2022-09-11 16:00:00+00:00,44.89577357012109,16
2022-09-11 17:00:00+00:00,33.907345993483204,17
2022-09-11 18:00:00+00:00,18.54691741756095,18
2022-09-11 19:00:00+00:00,17.436219239351406,19
2022-09-11 20:00:00+00:00,28.773561149515185,20
2022-09-11 21:00:00+00:00,32.44826951318139,21
2022-09-11 22:00:00+00:00,26.674823718419947,22
2022-09-11 23:00:00+00:00,15.106772912855643,23
2022-09-12 00:00:00+00:00,16.17203232359073,0
2022-09-12 01:00:00+00:00,5.749730648204129,1
2022-09-12 02:00:00+00:00,0.3655699722384715,2
2022-09-12 03:00:00+00:00,3.3758042341876173,3
2022-09-12 04:00:00+00:00,3.0936559703151967,4
2022-09-12 05:00:00+00:00,21.918633535955326,5
2022-09-12 06:00:00+00:00,31.792737639134344,6
2022-09-12 07:00:00+00:00,32.90981593139095,7
2022-09-12 08:00:00+00:00,17.892264459770058,8
2022-09-12 09:00:00+00:00,12.84795690944168,9
2022-09-12 10:00:00+00:00,7.90919948671191,10
2022-09-12 11:00:00+00:00,9.322962306676889,11
2022-09-12 12:00:00+00:00,9.162264938824597,12
2022-09-12 13:00:00+00:00,0.8374425109867741,13
2022-09-12 14:00:00+00:00,22.827631376450842,14
2022-09-12 15:00:00+00:00,17.962562772565583,15
2022-09-12 16:00:00+00:00,34.278201546457396,16
2022-09-12 17:00:00+00:00,43.448788809721734,17
2022-09-12 18:00:00+00:00,30.170802813149784,18
2022-09-12 19:00:00+00:00,7.182384793926705,19
2022-09-12 20:00:00+00:00,20.692141709263893,20
2022-09-12 21:00:00+00:00,21.803415626805425,21
2022-09-12 22:00:00+00:00,22.41078317693359,22
2022-09-12 23:00:00+00:00,17.24508174982214,23
2022-09-13 00:00:00+00:00,16.12008309907112,0
2022-09-13 01:00:00+00:00,12.832196828069298,1
2022-09-13 02:00:00+00:00,6.698662805235324,2
2022-09-13 03:00:00+00:00,6.95956809616523,3
2022-09-13 04:00:00+00:00,10.461120346277776,4
2022-09-13 05:00:00+00:00,10.701554240278298,5
2022-09-13 06:00:00+00:00,19.17916756818485,6
2022-09-13 07:00:00+00:00,22.882118160031425,7
2022-09-13 08:00:00+00:00,37.60361871015772,8
2022-09-13 09:00:00+00:00,25.71304638103568,9
2022-09-13 10:00:00+00:00,19.069974199024962,10
2022-09-13 11:00:00+00:00,13.159774529149255,11
2022-09-13 12:00:00+00:00,3.645423753969533,12
2022-09-13 13:00:00+00:00,3.5681556140056867,13
2022-09-13 14:00:00+00:00,12.425390745301062,14
2022-09-13 15:00:00+00:00,21.988867811436695,15
2022-09-13 16:00:00+00:00,29.260602340918258,16
2022-09-13 17:00:00+00:00,43.44118571783555,17
2022-09-13 18:00:00+00:00,38.23665093447191,18
2022-09-13 19:00:00+00:00,17.279160218034523,19
2022-09-13 20:00:00+00:00,23.844309267452353,20
2022-09-13 21:00:00+00:00,20.292290544844242,21
2022-09-13 22:00:00+00:00,24.906562593908408,22
2022-09-13 23:00:00+00:00,18.62557208416743,23
2022-09-14 00:00:00+00:00,22.96145822177221,0
2022-09-14 01:00:00+00:00,18.118364049392618,1
2022-09-14 02:00:00+00:00,19.989547140147064,2
2022-09-14 03:00:00+00:00,23.652662122099237,3
2022-09-14 04:00:00+00:00,13.102762570631446,4
2022-09-14 05:00:00+00:00,8.93729250334266,5
2022-09-14 06:00:00+00:00,12.670886390503137,6
2022-09-14 07:00:00+00:00,14.39420264857996,7
2022-09-14 08:00:00+00:00,13.660275488475989,8
2022-09-14 09:00:00+00:00,16.102422163023377,9
2022-09-14 10:00:00+00:00,17.729522206773016,10
2022-09-14 11:00:00+00:00,12.892762081427453,11
2022-09-14 12:00:00+00:00,22.84516181298438,12
2022-09-14 13:00:00+00:00,6.340559632185183,13
2022-09-14 14:00:00+00:00,3.914032758617931,14
2022-09-14 15:00:00+00:00,14.224323408611026,15
2022-09-14 16:00:00+00:00,49.22376601634364,16
2022-09-14 17:00:00+00:00,36.43319651370424,17
2022-09-14 18:00:00+00:00,13.136356267760224,18
2022-09-14 19:00:00+00:00,17.91634685529056,19
2022-09-14 20:00:00+00:00,28.924778298462833,20
2022-09-14 21:00:00+00:00,27.595157633099486,21
2022-09-14 22:00:00+00:00,23.061072918146834,22
2022-09-14 23:00:00+00:00,28.18082344995066,23
2022-09-15 00:00:00+00:00,21.639943838886815,0
2022-09-15 01:00:00+00:00,19.661393711220484,1
2022-09-15 02:00:00+00:00,21.542021665243485,2
2022-09-15 03:00:00+00:00,2.1212574866448217,3
2022-09-15 04:00:00+00:00,9.778086314445572,4
2022-09-15 05:00:00+00:00,8.35015568327157,5
2022-09-15 06:00:00+00:00,33.8808326708397,6
2022-09-15 07:00:00+00:00,7.876546080665278,7
2022-09-15 08:00:00+00:00,29.22987888444648,8
2022-09-15 09:00:00+00:00,13.468819065700991,9
2022-09-15 10:00:00+00:00,23.459225089045475,10
2022-09-15 11:00:00+00:00,17.4990156601306,11
2022-09-15 12:00:00+00:00,21.331089015114916,12
2022-09-15 13:00:00+00:00,26.894758014274377,13
2022-09-15 14:00:00+00:00,34.071745208808665,14
2022-09-15 15:00:00+00:00,40.34309820543991,15
2022-09-15 16:00:00+00:00,44.59392358921619,16
2022-09-15 17:00:00+00:00,46.646612116186844,17
2022-09-15 18:00:00+00:00,46.12331540464207,18
2022-09-15 19:00:00+00:00,41.761889545771,19
2022-09-15 20:00:00+00:00,45.71568927543457,20
2022-09-15 21:00:00+00:00,45.77289994167333,21
2022-09-15 22:00:00+00:00,44.08942488493566,22
2022-09-15 23:00:00+00:00,41.266958264197505,23
2022-09-16 00:00:00+00:00,35.77556359001425,0
2022-09-16 01:00:00+00:00,35.66524827303411,1
2022-09-16 02:00:00+00:00,36.36688104129856,2
2022-09-16 03:00:00+00:00,34.80970552069441,3
2022-09-16 04:00:00+00:00,36.5385638544174,4
2022-09-16 05:00:00+00:00,26.950358466765945,5
2022-09-16 06:00:00+00:00,18.429839954117135,6
2022-09-16 07:00:00+00:00,20.85796995416797,7
2022-09-16 08:00:00+00:00,27.08672146113517,8
2022-09-16 09:00:00+00:00,20.067897525126256,9
2022-09-16 10:00:00+00:00,15.142166763771028,10
2022-09-16 11:00:00+00:00,11.045639446655873,11
2022-09-16 12:00:00+00:00,10.082326374030103,12
2022-09-16 13:00:00+00:00,1.5647406973499145,13
2022-09-16 14:00:00+00:00,0.31170668665895146,14
2022-09-16 15:00:00+00:00,15.362180937062492,15
2022-09-16 16:00:00+00:00,52.18524075262556,16
2022-09-16 17:00:00+00:00,39.99612744237878,17
2022-09-16 18:00:00+00:00,43.97961295772157,18
2022-09-16 19:00:00+00:00,11.446145200931948,19
2022-09-16 20:00:00+00:00,16.342434152416562,20
2022-09-16 21:00:00+00:00,26.750959708925887,21
2022-09-16 22:00:00+00:00,16.245238037702855,22
2022-09-16 23:00:00+00:00,14.467717114584882,23
2022-09-17 00:00:00+00:00,8.937965009661395,0
2022-09-17 01:00:00+00:00,14.80747095109017,1
2022-09-17 02:00:00+00:00,15.085105309908494,2
2022-09-17 03:00:00+00:00,16.301060823182123,3
2022-09-17 04:00:00+00:00,15.10510656675893,4
2022-09-17 05:00:00+00:00,8.870818309675178,5
2022-09-17 06:00:00+00:00,4.942110803598576,6
2022-09-17 07:00:00+00:00,9.099822503285154,7
2022-09-17 08:00:00+00:00,2.70490484390565,8
2022-09-17 09:00:00+00:00,12.893575226633855,9
2022-09-17 10:00:00+00:00,19.6655095173062,10
2022-09-17 11:00:00+00:00,12.637360381005259,11
2022-09-17 12:00:00+00:00,2.0769532614930015,12
2022-09-17 13:00:00+00:00,2.84830892203723,13
2022-09-17 14:00:00+00:00,11.605667803939335,14
2022-09-17 15:00:00+00:00,18.06418282268657,15
2022-09-17 16:00:00+00:00,15.602676967999315,16
2022-09-17 17:00:00+00:00,28.539755715903393,17
2022-09-17 18:00:00+00:00,31.34219430428739,18
2022-09-17 19:00:00+00:00,24.81943821826412,19
2022-09-17 20:00:00+00:00,24.703896579327903,20
2022-09-17 21:00:00+00:00,19.10228359522782,21
2022-09-17 22:00:00+00:00,14.189781964408374,22
2022-09-17 23:00:00+00:00,5.9151528910975175,23
2022-09-18 00:00:00+00:00,9.008132546818375,0
2022-09-18 01:00:00+00:00,7.969832948233124,1
2022-09-18 02:00:00+00:00,23.939643433806467,2
2022-09-18 03:00:00+00:00,33.356880552268855,3
2022-09-18 04:00:00+00:00,12.027589389648428,4
2022-09-18 05:00:00+00:00,14.024591455590048,5
2022-09-18 06:00:00+00:00,36.74725725540409,6
2022-09-18 07:00:00+00:00,29.923616801756094,7
2022-09-18 08:00:00+00:00,20.687593708303144,8
2022-09-18 09:00:00+00:00,10.74019243452934,9
2022-09-18 10:00:00+00:00,0.8058419001497912,10
2022-09-18 11:00:00+00:00,3.605336192840621,11
2022-09-18 12:00:00+00:00,12.950120419000083,12
2022-09-18 13:00:00+00:00,15.037986709237783,13
2022-09-18 14:00:00+00:00,6.9757964311485825,14
2022-09-18 15:00:00+00:00,11.87584167750798,15
2022-09-18 16:00:00+00:00,31.51043798047567,16
2022-09-18 17:00:00+00:00,25.709994103983718,17
2022-09-18 18:00:00+00:00,18.335503340486245,18
2022-09-18 19:00:00+00:00,20.43639092507421,19
2022-09-18 20:00:00+00:00,11.530025755170744,20
2022-09-18 21:00:00+00:00,7.945688365265785,21
2022-09-18 22:00:00+00:00,15.189617952787318,22
2022-09-18 23:00:00+00:00,10.393575363547816,23
2022-09-19 00:00:00+00:00,10.994612948948731,0
2022-09-19 01:00:00+00:00,10.557858765980338,1
2022-09-19 02:00:00+00:00,16.353370313838106,2
2022-09-19 03:00:00+00:00,14.900750483876157,3
2022-09-19 04:00:00+00:00,3.3187803133070806,4
2022-09-19 05:00:00+00:00,11.748746426958428,5
2022-09-19 06:00:00+00:00,5.815692944903997,6
2022-09-19 07:00:00+00:00,2.807479582943943,7
2022-09-19 08:00:00+00:00,0.10774557231643277,8
2022-09-19 09:00:00+00:00,4.800843922585267,9
2022-09-19 10:00:00+00:00,1.7593188590346052,10
2022-09-19 11:00:00+00:00,5.552739024848317,11
2022-09-19 12:00:00+00:00,8.70913578290447,12
2022-09-19 13:00:00+00:00,0.5059054950701726,13
2022-09-19 14:00:00+00:00,1.108247500856885,14
2022-09-19 15:00:00+00:00,26.92395312183191,15
2022-09-19 16:00:00+00:00,46.35607030051888,16
2022-09-19 17:00:00+00:00,42.98851361077973,17
2022-09-19 18:00:00+00:00,19.64404258890093,18
2022-09-19 19:00:00+00:00,23.157264190421316,19
2022-09-19 20:00:00+00:00,25.155938398560018,20
2022-09-19 21:00:00+00:00,11.405928846492078,21
2022-09-19 22:00:00+00:00,8.581472900632626,22
2022-09-19 23:00:00+00:00,3.223300162673831,23
2022-09-20 00:00:00+00:00,0.20357130104738316,0
2022-09-20 01:00:00+00:00,7.920304330324919,1
2022-09-20 02:00:00+00:00,5.80676991453544,2
2022-09-20 03:00:00+00:00,10.857643986486128,3
2022-09-20 04:00:00+00:00,9.545948734594608,4
2022-09-20 05:00:00+00:00,13.466876397007187,5
2022-09-20 06:00:00+00:00,15.537219518459459,6
2022-09-20 07:00:00+00:00,13.642761079030757,7
2022-09-20 08:00:00+00:00,12.868764276063398,8
2022-09-20 09:00:00+00:00,14.53181224481875,9
2022-09-20 10:00:00+00:00,3.559351077688776,10
2022-09-20 11:00:00+00:00,4.446720150143858,11
2022-09-20 12:00:00+00:00,7.737298245106457,12
2022-09-20 13:00:00+00:00,13.77848543287511,13
2022-09-20 14:00:00+00:00,22.895954515956415,14
2022-09-20 15:00:00+00:00,26.12545638228293,15
2022-09-20 16:00:00+00:00,26.114650061817407,16
2022-09-20 17:00:00+00:00,14.932273467842927,17
2022-09-20 18:00:00+00:00,10.230384169070952,18
2022-09-20 19:00:00+00:00,11.18275562177724,19
2022-09-20 20:00:00+00:00,20.021334450841376,20
2022-09-20 21:00:00+00:00,18.390539192318464,21
2022-09-20 22:00:00+00:00,8.06321645343943,22
2022-09-20 23:00:00+00:00,6.308299660536234,23
2022-09-21 00:00:00+00:00,7.870197584338149,0
2022-09-21 01:00:00+00:00,10.00824144524844,1
2022-09-21 02:00:00+00:00,5.257888196312101,2
2022-09-21 03:00:00+00:00,9.761377402335329,3
2022-09-21 04:00:00+00:00,10.697784709712689,4
2022-09-21 05:00:00+00:00,6.38342270211496,5
2022-09-21 06:00:00+00:00,4.547518902574148,6
2022-09-21 07:00:00+00:00,2.992556512375046,7
2022-09-21 08:00:00+00:00,7.784799875816864,8
2022-09-21 09:00:00+00:00,7.109803991236283,9
2022-09-21 10:00:00+00:00,11.060184795604403,10
2022-09-21 11:00:00+00:00,2.591396941930934,11
2022-09-21 12:00:00+00:00,1.916413253669997,12
2022-09-21 13:00:00+00:00,15.894999130787504,13
2022-09-21 14:00:00+00:00,13.151411793700918,14
2022-09-21 15:00:00+00:00,6.143600659055948,15
2022-09-21 16:00:00+00:00,27.188952892196372,16
2022-09-21 17:00:00+00:00,10.557863129560092,17
2022-09-21 18:00:00+00:00,6.5990382867987645,18
2022-09-21 19:00:00+00:00,12.884014325140422,19
2022-09-21 20:00:00+00:00,17.72174956825031,20
2022-09-21 21:00:00+00:00,20.80413796429118,21
2022-09-21 22:00:00+00:00,23.947118831554864,22
2022-09-21 23:00:00+00:00,9.318056624696275,23
2022-09-22 00:00:00+00:00,1.4832103930785867,0
2022-09-22 01:00:00+00:00,2.7145537133049102,1
2022-09-22 02:00:00+00:00,0.8906915598312397,2
2022-09-22 03:00:00+00:00,3.1818620900439445,3
2022-09-22 04:00:00+00:00,0.3937370657908129,4
2022-09-22 05:00:00+00:00,5.476803936816232,5
2022-09-22 06:00:00+00:00,5.476803936816232,6
2022-09-22 07:00:00+00:00,5.476803936816232,7
2022-09-22 08:00:00+00:00,5.476803936816232,8
2022-09-22 09:00:00+00:00,5.476803936816232,9
2022-09-22 10:00:00+00:00,5.476803936816232,10
2022-09-22 11:00:00+00:00,5.476803936816232,11
2022-09-22 12:00:00+00:00,5.476803936816232,12
2022-09-22 13:00:00+00:00,5.476803936816232,13
2022-09-22 14:00:00+00:00,5.476803936816232,14
2022-09-22 15:00:00+00:00,5.476803936816232,15
2022-09-22 16:00:00+00:00,5.476803936816232,16
2022-09-22 17:00:00+00:00,5.476803936816232,17
2022-09-22 18:00:00+00:00,5.476803936816232,18
2022-09-22 19:00:00+00:00,5.476803936816232,19
2022-09-22 20:00:00+00:00,5.476803936816232,20
2022-09-22 21:00:00+00:00,15.664565451966963,21
2022-09-22 22:00:00+00:00,12.2225175741285,22
2022-09-22 23:00:00+00:00,18.906843854362826,23
2022-09-23 00:00:00+00:00,18.445696768160637,0
2022-09-23 01:00:00+00:00,18.48864572960447,1
2022-09-23 02:00:00+00:00,16.369354901869556,2
2022-09-23 03:00:00+00:00,13.219200396546919,3
2022-09-23 04:00:00+00:00,13.724068597398045,4
2022-09-23 05:00:00+00:00,6.651518737483079,5
2022-09-23 06:00:00+00:00,1.4658465794619786,6
2022-09-23 07:00:00+00:00,6.731310527276784,7
2022-09-23 08:00:00+00:00,7.063290955154895,8
2022-09-23 09:00:00+00:00,14.279861221922596,9
2022-09-23 10:00:00+00:00,16.084545664435705,10
2022-09-23 11:00:00+00:00,18.35626061666793,11
2022-09-23 12:00:00+00:00,11.347415069759146,12
2022-09-23 13:00:00+00:00,2.1171704196145047,13
2022-09-23 14:00:00+00:00,3.5335303691453457,14
2022-09-23 15:00:00+00:00,16.68091369632789,15
2022-09-23 16:00:00+00:00,32.54749961559328,16
2022-09-23 17:00:00+00:00,26.860716697932023,17
2022-09-23 18:00:00+00:00,17.873342294900844,18
2022-09-23 19:00:00+00:00,9.220397744343039,19
2022-09-23 20:00:00+00:00,8.071710430130697,20
2022-09-23 21:00:00+00:00,9.320267242128457,21
2022-09-23 22:00:00+00:00,12.682366515766555,22
2022-09-23 23:00:00+00:00,7.864983864722931,23
2022-09-24 00:00:00+00:00,17.26249164006426,0
2022-09-24 01:00:00+00:00,18.334087986853596,1
2022-09-24 02:00:00+00:00,17.182368688270525,2
2022-09-24 03:00:00+00:00,17.36891415226169,3
2022-09-24 04:00:00+00:00,16.916494152998272,4
2022-09-24 05:00:00+00:00,6.39621204190891,5
2022-09-24 06:00:00+00:00,21.505343723234517,6
2022-09-24 07:00:00+00:00,11.78505257259122,7
2022-09-24 08:00:00+00:00,9.191699566584404,8
2022-09-24 09:00:00+00:00,7.5957037633241224,9
2022-09-24 10:00:00+00:00,2.7306198257654395,10
2022-09-24 11:00:00+00:00,1.8937065401383162,11
2022-09-24 12:00:00+00:00,3.4259639295975357,12
2022-09-24 13:00:00+00:00,1.8528813832917508,13
2022-09-24 14:00:00+00:00,5.351060428690577,14
2022-09-24 15:00:00+00:00,14.889605693214813,15
2022-09-24 16:00:00+00:00,30.160293765758617,16
2022-09-24 17:00:00+00:00,38.071991560025644,17
2022-09-24 18:00:00+00:00,39.099946896756336,18
2022-09-24 19:00:00+00:00,36.818886406675865,19
2022-09-24 20:00:00+00:00,35.85420346658802,20
2022-09-24 21:00:00+00:00,33.659701393962,21
2022-09-24 22:00:00+00:00,27.568268855721257,22
2022-09-24 23:00:00+00:00,25.727453175801262,23
2022-09-25 00:00:00+00:00,1.5806206876373667,0
2022-09-25 01:00:00+00:00,5.034579933220866,1
2022-09-25 02:00:00+00:00,12.58338816297487,2
2022-09-25 03:00:00+00:00,19.97629921704983,3
2022-09-25 04:00:00+00:00,23.649162813070255,4
2022-09-25 05:00:00+00:00,18.296256198286102,5
2022-09-25 06:00:00+00:00,6.647147708944353,6
2022-09-25 07:00:00+00:00,10.582078732479676,7
2022-09-25 08:00:00+00:00,8.100256976671782,8
2022-09-25 09:00:00+00:00,8.457432844973768,9
2022-09-25 10:00:00+00:00,18.557277359727475,10
2022-09-25 11:00:00+00:00,28.353321037967145,11
2022-09-25 12:00:00+00:00,34.908933029514124,12
2022-09-25 13:00:00+00:00,37.57259863055091,13
2022-09-25 14:00:00+00:00,46.37550352564306,14
2022-09-25 15:00:00+00:00,56.99996876174202,15
2022-09-25 16:00:00+00:00,58.408656111044785,16
2022-09-25 17:00:00+00:00,59.38512659643952,17
2022-09-25 18:00:00+00:00,59.72507033821587,18
2022-09-25 19:00:00+00:00,56.758434005377154,19
2022-09-25 20:00:00+00:00,57.295322374275095,20
2022-09-25 21:00:00+00:00,54.73547660754253,21
2022-09-25 22:00:00+00:00,56.90809965174323,22
2022-09-25 23:00:00+00:00,60.022471047366,23
2022-09-26 00:00:00+00:00,6.139356395804165,0
2022-09-26 01:00:00+00:00,18.47150199391099,1
2022-09-26 02:00:00+00:00,29.196343092268794,2
2022-09-26 03:00:00+00:00,37.6460284547153,3
2022-09-26 04:00:00+00:00,43.486842126879274,4
2022-09-26 05:00:00+00:00,43.96249596646716,5
2022-09-26 06:00:00+00:00,36.23080125785656,6
2022-09-26 07:00:00+00:00,37.794480190237515,7
2022-09-26 08:00:00+00:00,20.907872171302998,8
2022-09-26 09:00:00+00:00,16.393230179519314,9
2022-09-26 10:00:00+00:00,9.557975244244462,10
2022-09-26 11:00:00+00:00,16.340988048422844,11
2022-09-26 12:00:00+00:00,21.335353822851502,12
2022-09-26 13:00:00+00:00,28.07202687408895,13
2022-09-26 14:00:00+00:00,29.370202658291543,14
2022-09-26 15:00:00+00:00,19.967694309973265,15
2022-09-26 16:00:00+00:00,10.896918256169275,16
2022-09-26 17:00:00+00:00,10.872134730762195,17
2022-09-26 18:00:00+00:00,14.997906810699057,18
2022-09-26 19:00:00+00:00,6.3251153355972285,19
2022-09-26 20:00:00+00:00,8.891315865706712,20
2022-09-26 21:00:00+00:00,2.952663073318454,21
2022-09-26 22:00:00+00:00,8.656181029444324,22
2022-09-26 23:00:00+00:00,10.023379702429812,23
2022-09-27 00:00:00+00:00,18.66049901210308,0
2022-09-27 01:00:00+00:00,5.771983672495059,1
2022-09-27 02:00:00+00:00,4.131657364489099,2
2022-09-27 03:00:00+00:00,2.1114694750951513,3
2022-09-27 04:00:00+00:00,13.486540162552771,4
2022-09-27 05:00:00+00:00,32.08493816294954,5
2022-09-27 06:00:00+00:00,55.426463838501036,6
2022-09-27 07:00:00+00:00,56.748281374144035,7
2022-09-27 08:00:00+00:00,59.801420101953326,8
2022-09-27 09:00:00+00:00,85.72584260310934,9
2022-09-27 10:00:00+00:00,74.59257845215868,10
2022-09-27 11:00:00+00:00,62.50444630221133,11
2022-09-27 12:00:00+00:00,48.72979124571942,12
2022-09-27 13:00:00+00:00,36.5240662452003,13
2022-09-27 14:00:00+00:00,58.707556199006916,14
2022-09-27 15:00:00+00:00,18.102530457833033,15
2022-09-27 16:00:00+00:00,4.562148416478652,16
2022-09-27 17:00:00+00:00,4.653576027432807,17
2022-09-27 18:00:00+00:00,8.525618219801702,18
2022-09-27 19:00:00+00:00,17.98905281223203,19
2022-09-27 20:00:00+00:00,42.31333566781198,20
2022-09-27 21:00:00+00:00,24.57453765039701,21
2022-09-27 22:00:00+00:00,21.855289287054447,22
2022-09-27 23:00:00+00:00,26.260253294032033,23
2022-09-28 00:00:00+00:00,22.69329802900238,0
2022-09-28 01:00:00+00:00,17.849372540353343,1
2022-09-28 02:00:00+00:00,6.027553856142295,2
2022-09-28 03:00:00+00:00,2.164766092087685,3
2022-09-28 04:00:00+00:00,6.705566345150086,4
2022-09-28 05:00:00+00:00,23.00625592851272,5
2022-09-28 06:00:00+00:00,43.04614086783425,6
2022-09-28 07:00:00+00:00,39.946000523704186,7
2022-09-28 08:00:00+00:00,36.79072741255779,8
2022-09-28 09:00:00+00:00,31.048636469800428,9
2022-09-28 10:00:00+00:00,12.835339577014171,10
2022-09-28 11:00:00+00:00,2.9726659625596707,11
2022-09-28 12:00:00+00:00,18.10322096309372,12
2022-09-28 13:00:00+00:00,22.398570816830297,13
2022-09-28 14:00:00+00:00,12.434138965449772,14
2022-09-28 15:00:00+00:00,9.161901751819943,15
2022-09-28 16:00:00+00:00,6.242694318640195,16
2022-09-28 17:00:00+00:00,0.5058033567927016,17
2022-09-28 18:00:00+00:00,0.6418195840455528,18
2022-09-28 19:00:00+00:00,5.361277447710287,19
2022-09-28 20:00:00+00:00,13.745369615578577,20
2022-09-28 21:00:00+00:00,9.93867679030156,21
2022-09-28 22:00:00+00:00,6.6291492255419735,22
2022-09-28 23:00:00+00:00,8.388889963013032,23
2022-09-29 00:00:00+00:00,8.388889963013032,0
2022-09-29 01:00:00+00:00,8.388889963013032,1
2022-09-29 02:00:00+00:00,8.388889963013032,2
2022-09-29 03:00:00+00:00,8.388889963013032,3
2022-09-29 04:00:00+00:00,8.388889963013032,4
2022-09-29 05:00:00+00:00,8.388889963013032,5
2022-09-29 06:00:00+00:00,8.388889963013032,6
2022-09-29 07:00:00+00:00,8.388889963013032,7
2022-09-29 08:00:00+00:00,8.388889963013032,8
2022-09-29 09:00:00+00:00,8.388889963013032,9
2022-09-29 10:00:00+00:00,8.388889963013032,10
2022-09-29 11:00:00+00:00,8.388889963013032,11
2022-09-29 12:00:00+00:00,8.388889963013032,12
2022-09-29 13:00:00+00:00,8.388889963013032,13
2022-09-29 14:00:00+00:00,8.388889963013032,14
2022-09-29 15:00:00+00:00,8.388889963013032,15
2022-09-29 16:00:00+00:00,8.388889963013032,16
2022-09-29 17:00:00+00:00,8.388889963013032,17
2022-09-29 18:00:00+00:00,8.388889963013032,18
2022-09-29 19:00:00+00:00,8.388889963013032,19
2022-09-29 20:00:00+00:00,8.388889963013032,20
2022-09-29 21:00:00+00:00,2.94340706170876,21
2022-09-29 22:00:00+00:00,1.7031992630101929,22
2022-09-29 23:00:00+00:00,4.658314949284685,23
2022-09-30 00:00:00+00:00,10.942593643743077,0
2022-09-30 01:00:00+00:00,9.015069516967207,1
2022-09-30 02:00:00+00:00,4.971630016276615,2
2022-09-30 03:00:00+00:00,1.998259990209502,3
2022-09-30 04:00:00+00:00,7.830890013313124,4
2022-09-30 05:00:00+00:00,18.67432672460452,5
2022-09-30 06:00:00+00:00,39.51438121422443,6
2022-09-30 07:00:00+00:00,37.87930263551449,7
2022-09-30 08:00:00+00:00,17.836838417131908,8
2022-09-30 09:00:00+00:00,0.8945541279369511,9
2022-09-30 10:00:00+00:00,2.6087045486997904,10
2022-09-30 11:00:00+00:00,5.516215307128993,11
2022-09-30 12:00:00+00:00,3.95779971955678,12
2022-09-30 13:00:00+00:00,9.274742289865188,13
2022-09-30 14:00:00+00:00,1.050362185123705,14
2022-09-30 15:00:00+00:00,17.57795136303332,15
2022-09-30 16:00:00+00:00,26.47130409882311,16
2022-09-30 17:00:00+00:00,34.34874488340789,17
2022-09-30 18:00:00+00:00,31.116263092515617,18
2022-09-30 19:00:00+00:00,29.458744099837343,19
2022-09-30 20:00:00+00:00,27.3927236315457,20
2022-09-30 21:00:00+00:00,24.21421585494988,21
2022-09-30 22:00:00+00:00,22.235950745080675,22
2022-09-30 23:00:00+00:00,23.122265251091317,23
2022-10-01 00:00:00+00:00,18.201313310138527,0
2022-10-01 01:00:00+00:00,16.189156502273804,1
2022-10-01 02:00:00+00:00,14.739455402146861,2
2022-10-01 03:00:00+00:00,17.721280388523112,3
2022-10-01 04:00:00+00:00,14.460620495530636,4
2022-10-01 05:00:00+00:00,19.14342743125108,5
2022-10-01 06:00:00+00:00,9.404165654290333,6
2022-10-01 07:00:00+00:00,27.54086306014448,7
2022-10-01 08:00:00+00:00,30.709119719208154,8
2022-10-01 09:00:00+00:00,11.988808888099049,9
2022-10-01 10:00:00+00:00,16.167619087631,10
2022-10-01 11:00:00+00:00,17.243841611806225,11
2022-10-01 12:00:00+00:00,23.43483251475954,12
2022-10-01 13:00:00+00:00,28.792687570040755,13
2022-10-01 14:00:00+00:00,38.40971538836194,14
2022-10-01 15:00:00+00:00,41.63764267164602,15
2022-10-01 16:00:00+00:00,28.701724048756972,16
2022-10-01 17:00:00+00:00,23.844168668665972,17
2022-10-01 18:00:00+00:00,30.5372217503202,18
2022-10-01 19:00:00+00:00,36.491537155526956,19
2022-10-01 20:00:00+00:00,35.5195244529106,20
2022-10-01 21:00:00+00:00,38.04881589662708,21
2022-10-01 22:00:00+00:00,33.261731088891416,22
2022-10-01 23:00:00+00:00,12.634773786844674,23
2022-10-02 00:00:00+00:00,5.162837483649973,0
2022-10-02 01:00:00+00:00,12.285562278079047,1
2022-10-02 02:00:00+00:00,19.31000953446057,2
2022-10-02 03:00:00+00:00,19.98862053866296,3
2022-10-02 04:00:00+00:00,19.221982774437024,4
2022-10-02 05:00:00+00:00,25.672426717197265,5
2022-10-02 06:00:00+00:00,34.27363438033027,6
2022-10-02 07:00:00+00:00,26.40637143271164,7
2022-10-02 08:00:00+00:00,25.622101798767506,8
2022-10-02 09:00:00+00:00,29.67257821356278,9
2022-10-02 10:00:00+00:00,13.93262622631263,10
2022-10-02 11:00:00+00:00,5.686248662319158,11
2022-10-02 12:00:00+00:00,1.2123553295896152,12
2022-10-02 13:00:00+00:00,1.5896457511001543,13
2022-10-02 14:00:00+00:00,7.1599357576185145,14
2022-10-02 15:00:00+00:00,6.100579458266227,15
2022-10-02 16:00:00+00:00,12.508747505041123,16
2022-10-02 17:00:00+00:00,9.609891065143419,17
2022-10-02 18:00:00+00:00,12.965500394701454,18
2022-10-02 19:00:00+00:00,17.207480957720623,19
2022-10-02 20:00:00+00:00,16.86445216269026,20
2022-10-02 21:00:00+00:00,16.57171832976914,21
2022-10-02 22:00:00+00:00,13.477472266680671,22
2022-10-02 23:00:00+00:00,12.06556317168069,23
2022-10-03 00:00:00+00:00,17.497692596757457,0
2022-10-03 01:00:00+00:00,20.83303375342008,1
2022-10-03 02:00:00+00:00,22.08604855116347,2
2022-10-03 03:00:00+00:00,22.43061916939471,3
2022-10-03 04:00:00+00:00,21.184732748792324,4
2022-10-03 05:00:00+00:00,17.703089693699088,5
2022-10-03 06:00:00+00:00,0.31179025994499965,6
2022-10-03 07:00:00+00:00,11.259523788395116,7
2022-10-03 08:00:00+00:00,12.27070669810022,8
2022-10-03 09:00:00+00:00,7.36954930821118,9
2022-10-03 10:00:00+00:00,5.826509124245985,10
2022-10-03 11:00:00+00:00,9.422965414618641,11
2022-10-03 12:00:00+00:00,8.063302575218035,12
2022-10-03 13:00:00+00:00,11.368628824297218,13
2022-10-03 14:00:00+00:00,1.3150984938757226,14
2022-10-03 15:00:00+00:00,4.8105005123376525,15
2022-10-03 16:00:00+00:00,8.812649509260078,16
2022-10-03 17:00:00+00:00,6.754634048887914,17
2022-10-03 18:00:00+00:00,2.7665721396794525,18
2022-10-03 19:00:00+00:00,14.311792691224348,19
2022-10-03 20:00:00+00:00,5.237410815280589,20
2022-10-03 21:00:00+00:00,6.841533960780044,21
2022-10-03 22:00:00+00:00,1.5241581672078321,22
2022-10-03 23:00:00+00:00,5.313043020378071,23
2022-10-04 00:00:00+00:00,6.4805096129887385,0
2022-10-04 01:00:00+00:00,16.36248338132168,1
2022-10-04 02:00:00+00:00,32.75079998415556,2
2022-10-04 03:00:00+00:00,34.857056336606654,3
2022-10-04 04:00:00+00:00,26.06830163902909,4
2022-10-04 05:00:00+00:00,25.859239598520467,5
2022-10-04 06:00:00+00:00,32.86090275409387,6
2022-10-04 07:00:00+00:00,22.37164050249614,7
2022-10-04 08:00:00+00:00,21.80519563107093,8
2022-10-04 09:00:00+00:00,14.454459271969778,9
2022-10-04 10:00:00+00:00,3.810730843653697,10
2022-10-04 11:00:00+00:00,2.508372093546479,11
2022-10-04 12:00:00+00:00,13.812889657078353,12
2022-10-04 13:00:00+00:00,14.669231761275542,13
2022-10-04 14:00:00+00:00,12.346870618137496,14
2022-10-04 15:00:00+00:00,25.044317547250177,15
2022-10-04 16:00:00+00:00,21.1034957132263,16
2022-10-04 17:00:00+00:00,10.55717441250265,17
2022-10-04 18:00:00+00:00,14.874638895558032,18
2022-10-04 19:00:00+00:00,10.444431719713867,19
2022-10-04 20:00:00+00:00,10.263883680924772,20
2022-10-04 21:00:00+00:00,15.817709618752678,21
2022-10-04 22:00:00+00:00,16.899764790972554,22
2022-10-04 23:00:00+00:00,13.158416243405604,23
2022-10-05 00:00:00+00:00,7.079165195778617,0
2022-10-05 01:00:00+00:00,0.5519173386958656,1
2022-10-05 02:00:00+00:00,5.5214198247243065,2
2022-10-05 03:00:00+00:00,7.474685233515619,3
2022-10-05 04:00:00+00:00,8.27851709534456,4
2022-10-05 05:00:00+00:00,14.29995901530041,5
2022-10-05 06:00:00+00:00,16.593030730756183,6
2022-10-05 07:00:00+00:00,10.031381574316509,7
2022-10-05 08:00:00+00:00,14.01522673353027,8
2022-10-05 09:00:00+00:00,18.11064160729,9
2022-10-05 10:00:00+00:00,17.368819288696034,10
2022-10-05 11:00:00+00:00,12.915033319344415,11
2022-10-05 12:00:00+00:00,2.5444755952960496,12
2022-10-05 13:00:00+00:00,6.491150928877658,13
2022-10-05 14:00:00+00:00,6.577273164312467,14
2022-10-05 15:00:00+00:00,13.470279835312308,15
2022-10-05 16:00:00+00:00,14.571801119735877,16
2022-10-05 17:00:00+00:00,6.58541673802503,17
2022-10-05 18:00:00+00:00,1.700787025627302,18
2022-10-05 19:00:00+00:00,8.769278334872869,19
2022-10-05 20:00:00+00:00,6.957806192398581,20
2022-10-05 21:00:00+00:00,15.542243962174144,21
2022-10-05 22:00:00+00:00,19.568397835740267,22
2022-10-05 23:00:00+00:00,21.7404375428151,23
2022-10-06 00:00:00+00:00,21.05153612179308,0
2022-10-06 01:00:00+00:00,20.695238409939538,1
2022-10-06 02:00:00+00:00,16.317213549172937,2
2022-10-06 03:00:00+00:00,14.67147906447575,3
2022-10-06 04:00:00+00:00,16.61589141529693,4
2022-10-06 05:00:00+00:00,12.597851752309575,5
2022-10-06 06:00:00+00:00,2.615447647803672,6
2022-10-06 07:00:00+00:00,2.534975301499442,7
2022-10-06 08:00:00+00:00,1.0562823701167732,8
2022-10-06 09:00:00+00:00,2.3484612572219525,9
2022-10-06 10:00:00+00:00,4.549821662278772,10
2022-10-06 11:00:00+00:00,6.646826434721584,11
2022-10-06 12:00:00+00:00,4.166548600248922,12
2022-10-06 13:00:00+00:00,7.5448444545723605,13
2022-10-06 14:00:00+00:00,26.89565197831612,14
2022-10-06 15:00:00+00:00,41.31599532527566,15
2022-10-06 16:00:00+00:00,39.96585694555012,16
2022-10-06 17:00:00+00:00,31.343683887503705,17
2022-10-06 18:00:00+00:00,23.167610699718963,18
2022-10-06 19:00:00+00:00,27.332570905011032,19
2022-10-06 20:00:00+00:00,24.14016192408871,20
2022-10-06 21:00:00+00:00,16.873316139132957,21
2022-10-06 22:00:00+00:00,18.9214866861112,22
2022-10-06 23:00:00+00:00,23.28281616061248,23
2022-10-07 00:00:00+00:00,26.45698379410495,0
2022-10-07 01:00:00+00:00,30.137917357173304,1
2022-10-07 02:00:00+00:00,29.88317910578024,2
2022-10-07 03:00:00+00:00,30.129274428282088,3
2022-10-07 04:00:00+00:00,25.509170216173523,4
2022-10-07 05:00:00+00:00,20.467777203612698,5
2022-10-07 06:00:00+00:00,0.6038100564967163,6
2022-10-07 07:00:00+00:00,3.5748644995523278,7
2022-10-07 08:00:00+00:00,7.814711172099395,8
2022-10-07 09:00:00+00:00,8.430901870504288,9
2022-10-07 10:00:00+00:00,3.7061239294160497,10
2022-10-07 11:00:00+00:00,8.468723346716311,11
2022-10-07 12:00:00+00:00,12.364981213416735,12
2022-10-07 13:00:00+00:00,12.143528467902364,13
2022-10-07 14:00:00+00:00,14.42210914318939,14
2022-10-07 15:00:00+00:00,28.81027625819477,15
2022-10-07 16:00:00+00:00,29.192359198057943,16
2022-10-07 17:00:00+00:00,33.300449737854635,17
2022-10-07 18:00:00+00:00,32.73845136195124,18
2022-10-07 19:00:00+00:00,30.161733443289805,19
2022-10-07 20:00:00+00:00,28.138890756575393,20
2022-10-07 21:00:00+00:00,18.88648574907236,21
2022-10-07 22:00:00+00:00,19.654309012449197,22
2022-10-07 23:00:00+00:00,25.597261641034123,23
2022-10-08 00:00:00+00:00,26.872749151167486,0
2022-10-08 01:00:00+00:00,25.710269101114815,1
2022-10-08 02:00:00+00:00,24.787093751813167,2
2022-10-08 03:00:00+00:00,28.19882168634923,3
2022-10-08 04:00:00+00:00,26.14907774400203,4
2022-10-08 05:00:00+00:00,20.010486830277866,5
2022-10-08 06:00:00+00:00,3.843156199859711,6
2022-10-08 07:00:00+00:00,1.0372328855749138,7
2022-10-08 08:00:00+00:00,3.930774651085257,8
2022-10-08 09:00:00+00:00,4.93742159193972,9
2022-10-08 10:00:00+00:00,6.593020452570164,10
2022-10-08 11:00:00+00:00,7.454882920638463,11
2022-10-08 12:00:00+00:00,8.829686573556872,12
2022-10-08 13:00:00+00:00,9.852430388275389,13
2022-10-08 14:00:00+00:00,14.019773707520935,14
2022-10-08 15:00:00+00:00,32.09907687751946,15
2022-10-08 16:00:00+00:00,34.243985936688205,16
2022-10-08 17:00:00+00:00,32.627956848338464,17
2022-10-08 18:00:00+00:00,35.194786227887874,18
2022-10-08 19:00:00+00:00,39.07076828714728,19
2022-10-08 20:00:00+00:00,39.636749046575034,20
2022-10-08 21:00:00+00:00,2.2915214178317544,21
2022-10-08 22:00:00+00:00,3.3025277908138846,22
2022-10-08 23:00:00+00:00,10.070266907054704,23
2022-10-09 00:00:00+00:00,23.786253749998583,0
2022-10-09 01:00:00+00:00,28.476676863726595,1
2022-10-09 02:00:00+00:00,29.718616768669502,2
2022-10-09 03:00:00+00:00,29.799597976337694,3
2022-10-09 04:00:00+00:00,28.646088547445096,4
2022-10-09 05:00:00+00:00,25.314152836238975,5
2022-10-09 06:00:00+00:00,11.107022632758126,6
2022-10-09 07:00:00+00:00,17.56487226806923,7
2022-10-09 08:00:00+00:00,21.608616527485008,8
2022-10-09 09:00:00+00:00,22.675189579104174,9
2022-10-09 10:00:00+00:00,22.791000333697305,10
2022-10-09 11:00:00+00:00,18.005541955725597,11
2022-10-09 12:00:00+00:00,4.613300074672968,12
2022-10-09 13:00:00+00:00,0.48223097348022187,13
2022-10-09 14:00:00+00:00,12.872105690008153,14
2022-10-09 15:00:00+00:00,28.42895232665769,15
2022-10-09 16:00:00+00:00,31.447656875718653,16
2022-10-09 17:00:00+00:00,22.718560385073086,17
2022-10-09 18:00:00+00:00,21.006202176603683,18
2022-10-09 19:00:00+00:00,19.72953293091642,19
2022-10-09 20:00:00+00:00,23.005522887171377,20
2022-10-09 21:00:00+00:00,19.853123147782107,21
2022-10-09 22:00:00+00:00,18.01144970104924,22
2022-10-09 23:00:00+00:00,17.558698401175405,23
2022-10-10 00:00:00+00:00,21.70813706904407,0
2022-10-10 01:00:00+00:00,19.69599388886513,1
2022-10-10 02:00:00+00:00,16.55871155336565,2
2022-10-10 03:00:00+00:00,16.876126714577502,3
2022-10-10 04:00:00+00:00,16.297304534055446,4
2022-10-10 05:00:00+00:00,14.57262821580662,5
2022-10-10 06:00:00+00:00,7.4685079689657945,6
2022-10-10 07:00:00+00:00,2.7639938501085943,7
2022-10-10 08:00:00+00:00,0.27329094309589796,8
2022-10-10 09:00:00+00:00,7.814106916853955,9
2022-10-10 10:00:00+00:00,5.222064702402266,10
2022-10-10 11:00:00+00:00,3.003492243789729,11
2022-10-10 12:00:00+00:00,9.852223932378552,12
2022-10-10 13:00:00+00:00,10.885770541255804,13
2022-10-10 14:00:00+00:00,12.701753522463466,14
2022-10-10 15:00:00+00:00,18.544888473568374,15
2022-10-10 16:00:00+00:00,26.914181940333798,16
2022-10-10 17:00:00+00:00,24.88451777060169,17
2022-10-10 18:00:00+00:00,14.240760851811702,18
2022-10-10 19:00:00+00:00,7.158489742161156,19
2022-10-10 20:00:00+00:00,1.1434364652629891,20
2022-10-10 21:00:00+00:00,2.2562467740914163,21
2022-10-10 22:00:00+00:00,3.868415086570505,22
2022-10-10 23:00:00+00:00,4.061209504503028,23
2022-10-11 00:00:00+00:00,3.71905387365457,0
2022-10-11 01:00:00+00:00,7.997659051546979,1
2022-10-11 02:00:00+00:00,16.139483519851105,2
2022-10-11 03:00:00+00:00,5.816569086366259,3
2022-10-11 04:00:00+00:00,10.313240971103852,4
2022-10-11 05:00:00+00:00,11.021688518348528,5
2022-10-11 06:00:00+00:00,14.454355065827922,6
2022-10-11 07:00:00+00:00,10.21919265865929,7
2022-10-11 08:00:00+00:00,4.500998594097917,8
2022-10-11 09:00:00+00:00,12.40268485770911,9
2022-10-11 10:00:00+00:00,3.163061465953986,10
2022-10-11 11:00:00+00:00,8.864898642324963,11
2022-10-11 12:00:00+00:00,13.99670155485217,12
2022-10-11 13:00:00+00:00,7.985482500476319,13
2022-10-11 14:00:00+00:00,15.866160448934426,14
2022-10-11 15:00:00+00:00,15.50864899737936,15
2022-10-11 16:00:00+00:00,12.864117254691074,16
2022-10-11 17:00:00+00:00,11.233937041190423,17
2022-10-11 18:00:00+00:00,9.215244191047988,18
2022-10-11 19:00:00+00:00,3.92371400556803,19
2022-10-11 20:00:00+00:00,4.502733452057787,20
2022-10-11 21:00:00+00:00,3.810443698962364,21
2022-10-11 22:00:00+00:00,3.563775502201326,22
2022-10-11 23:00:00+00:00,5.268478358193927,23
2022-10-12 00:00:00+00:00,4.61580400304003,0
2022-10-12 01:00:00+00:00,5.546613926694498,1
2022-10-12 02:00:00+00:00,4.215413150186108,2
2022-10-12 03:00:00+00:00,4.299358896848079,3
2022-10-12 04:00:00+00:00,4.0799860069626614,4
2022-10-12 05:00:00+00:00,3.227361791737425,5
2022-10-12 06:00:00+00:00,0.6170210651425903,6
2022-10-12 07:00:00+00:00,3.958627526498427,7
2022-10-12 08:00:00+00:00,11.678051453596918,8
2022-10-12 09:00:00+00:00,17.01270353578261,9
2022-10-12 10:00:00+00:00,12.373746757734986,10
2022-10-12 11:00:00+00:00,3.078782550717051,11
2022-10-12 12:00:00+00:00,8.813178651009798,12
2022-10-12 13:00:00+00:00,11.229997159359904,13
2022-10-12 14:00:00+00:00,13.474766082307566,14
2022-10-12 15:00:00+00:00,14.138207532936315,15
2022-10-12 16:00:00+00:00,8.252735910365708,16
2022-10-12 17:00:00+00:00,6.197506198167283,17
2022-10-12 18:00:00+00:00,4.778958900747142,18
2022-10-12 19:00:00+00:00,6.6707924710859485,19
2022-10-12 20:00:00+00:00,6.5214352244075,20
2022-10-12 21:00:00+00:00,5.352191011963792,21
2022-10-12 22:00:00+00:00,3.926136442951423,22
2022-10-12 23:00:00+00:00,7.9938102738808805,23
2022-10-13 00:00:00+00:00,8.291218941531632,0
2022-10-13 01:00:00+00:00,7.0845879542739105,1
2022-10-13 02:00:00+00:00,5.6129979013865,2
2022-10-13 03:00:00+00:00,2.6722089309355033,3
2022-10-13 04:00:00+00:00,3.1614667095895483,4
2022-10-13 05:00:00+00:00,3.8060363239095194,5
2022-10-13 06:00:00+00:00,2.026920397926961,6
2022-10-13 07:00:00+00:00,2.384739269430651,7
2022-10-13 08:00:00+00:00,6.933423051483165,8
2022-10-13 09:00:00+00:00,10.63127091269635,9
2022-10-13 10:00:00+00:00,5.781856544020079,10
2022-10-13 11:00:00+00:00,7.527449263393829,11
2022-10-13 12:00:00+00:00,2.1574668511447497,12
2022-10-13 13:00:00+00:00,12.565087530900806,13
2022-10-13 14:00:00+00:00,19.14977680706354,14
2022-10-13 15:00:00+00:00,22.003312063129627,15
2022-10-13 16:00:00+00:00,22.22994601396179,16
2022-10-13 17:00:00+00:00,25.647876672986254,17
2022-10-13 18:00:00+00:00,28.023915563230084,18
2022-10-13 19:00:00+00:00,26.509241807330657,19
2022-10-13 20:00:00+00:00,23.982291973023766,20
2022-10-13 21:00:00+00:00,3.3068364485949497,21
2022-10-13 22:00:00+00:00,0.3784607836923332,22
2022-10-13 23:00:00+00:00,0.03670996206136461,23
2022-10-14 00:00:00+00:00,1.7188924006286983,0
2022-10-14 01:00:00+00:00,5.542959876133174,1
2022-10-14 02:00:00+00:00,4.495562012498144,2
2022-10-14 03:00:00+00:00,4.496868668725863,3
2022-10-14 04:00:00+00:00,6.7777155942767076,4
2022-10-14 05:00:00+00:00,8.200616543652268,5
2022-10-14 06:00:00+00:00,8.176589716537963,6
2022-10-14 07:00:00+00:00,7.423666068579801,7
2022-10-14 08:00:00+00:00,6.480307359456957,8
2022-10-14 09:00:00+00:00,4.1159548901937555,9
2022-10-14 10:00:00+00:00,3.223697410660009,10
2022-10-14 11:00:00+00:00,1.250821748009639,11
2022-10-14 12:00:00+00:00,1.3907977235040927,12
2022-10-14 13:00:00+00:00,0.011651742985833506,13
2022-10-14 14:00:00+00:00,1.3424178444576913,14
2022-10-14 15:00:00+00:00,0.9893786355931263,15
2022-10-14 16:00:00+00:00,2.966971992415864,16
2022-10-14 17:00:00+00:00,3.36419634788325,17
2022-10-14 18:00:00+00:00,7.052893847096577,18
2022-10-14 19:00:00+00:00,9.221581624727335,19
2022-10-14 20:00:00+00:00,7.466551199437619,20
2022-10-14 21:00:00+00:00,0.4947453566889156,21
2022-10-14 22:00:00+00:00,0.6738719975191463,22
2022-10-14 23:00:00+00:00,0.8158611748262166,23
2022-10-15 00:00:00+00:00,0.22177163714853732,0
2022-10-15 01:00:00+00:00,0.03135797977851959,1
2022-10-15 02:00:00+00:00,0.9693335230320742,2
2022-10-15 03:00:00+00:00,0.6425543419963629,3
2022-10-15 04:00:00+00:00,1.5287925273251164,4
2022-10-15 05:00:00+00:00,0.24321908821830218,5
2022-10-15 06:00:00+00:00,10.593189097969184,6
2022-10-15 07:00:00+00:00,9.247658198412468,7
2022-10-15 08:00:00+00:00,14.277548580457248,8
2022-10-15 09:00:00+00:00,19.89217333901429,9
2022-10-15 10:00:00+00:00,25.025397918948833,10
2022-10-15 11:00:00+00:00,9.035038632835798,11
2022-10-15 12:00:00+00:00,8.089734488547029,12
2022-10-15 13:00:00+00:00,0.5030696210997319,13
2022-10-15 14:00:00+00:00,13.750408198079429,14
2022-10-15 15:00:00+00:00,14.041361785920431,15
2022-10-15 16:00:00+00:00,20.708469822139186,16
2022-10-15 17:00:00+00:00,20.32344862025424,17
2022-10-15 18:00:00+00:00,17.528620799737265,18
2022-10-15 19:00:00+00:00,15.598174726126624,19
2022-10-15 20:00:00+00:00,13.09142667243026,20
2022-10-15 21:00:00+00:00,4.30259321541774,21
2022-10-15 22:00:00+00:00,7.3798840106709935,22
2022-10-15 23:00:00+00:00,6.971566506969157,23
2022-10-16 00:00:00+00:00,8.738495105870763,0
2022-10-16 01:00:00+00:00,7.86424899568586,1
2022-10-16 02:00:00+00:00,9.799632024900543,2
2022-10-16 03:00:00+00:00,8.666098223717599,3
2022-10-16 04:00:00+00:00,9.304988223684605,4
2022-10-16 05:00:00+00:00,9.456869387771262,5
2022-10-16 06:00:00+00:00,5.854909595434458,6
2022-10-16 07:00:00+00:00,6.211977703063853,7
2022-10-16 08:00:00+00:00,4.99758271627133,8
2022-10-16 09:00:00+00:00,8.048974295149701,9
2022-10-16 10:00:00+00:00,10.059181058863265,10
2022-10-16 11:00:00+00:00,11.527494891969543,11
2022-10-16 12:00:00+00:00,13.551946738119419,12
2022-10-16 13:00:00+00:00,9.604357011198138,13
2022-10-16 14:00:00+00:00,11.187940362052121,14
2022-10-16 15:00:00+00:00,28.788042666076606,15
2022-10-16 16:00:00+00:00,32.4822051658038,16
2022-10-16 17:00:00+00:00,27.323820828992947,17
2022-10-16 18:00:00+00:00,16.68995018327763,18
2022-10-16 19:00:00+00:00,21.610926489646033,19
2022-10-16 20:00:00+00:00,22.918021695375025,20
2022-10-16 21:00:00+00:00,1.843310063970938,21
2022-10-16 22:00:00+00:00,3.7616368220809293,22
2022-10-16 23:00:00+00:00,7.585239632954638,23
2022-10-17 00:00:00+00:00,15.278983483355418,0
2022-10-17 01:00:00+00:00,19.118597916401466,1
2022-10-17 02:00:00+00:00,22.122313803908884,2
2022-10-17 03:00:00+00:00,22.065448558165055,3
2022-10-17 04:00:00+00:00,21.64042291969744,4
2022-10-17 05:00:00+00:00,20.428760359657648,5
2022-10-17 06:00:00+00:00,9.002751648136737,6
2022-10-17 07:00:00+00:00,10.010469765509411,7
2022-10-17 08:00:00+00:00,15.306247604033004,8
2022-10-17 09:00:00+00:00,16.150276132759753,9
2022-10-17 10:00:00+00:00,16.632320290167858,10
2022-10-17 11:00:00+00:00,14.525896516502906,11
2022-10-17 12:00:00+00:00,14.12619639332069,12
2022-10-17 13:00:00+00:00,5.3896115408982475,13
2022-10-17 14:00:00+00:00,0.677015341080985,14
2022-10-17 15:00:00+00:00,14.11571674915292,15
2022-10-17 16:00:00+00:00,14.386746819350899,16
2022-10-17 17:00:00+00:00,16.911347881952903,17
2022-10-17 18:00:00+00:00,15.658000103699186,18
2022-10-17 19:00:00+00:00,15.141076837285478,19
2022-10-17 20:00:00+00:00,15.344837293879564,20
2022-10-17 21:00:00+00:00,15.036734382818464,21
2022-10-17 22:00:00+00:00,18.1658250639793,22
2022-10-17 23:00:00+00:00,22.30970733941448,23
2022-10-18 00:00:00+00:00,25.50527724890255,0
2022-10-18 01:00:00+00:00,30.189082475702598,1
2022-10-18 02:00:00+00:00,30.33425173387519,2
2022-10-18 03:00:00+00:00,29.54670349025631,3
2022-10-18 04:00:00+00:00,30.350865832570555,4
2022-10-18 05:00:00+00:00,30.805371655881274,5
2022-10-18 06:00:00+00:00,17.344794002439855,6
2022-10-18 07:00:00+00:00,19.38288042840833,7
2022-10-18 08:00:00+00:00,30.61947366556125,8
2022-10-18 09:00:00+00:00,29.220288143569313,9
2022-10-18 10:00:00+00:00,31.192145181993368,10
2022-10-18 11:00:00+00:00,26.785940224422976,11
2022-10-18 12:00:00+00:00,32.18027237156168,12
2022-10-18 13:00:00+00:00,26.961664296602738,13
2022-10-18 14:00:00+00:00,27.724901702520256,14
2022-10-18 15:00:00+00:00,36.08022908845894,15
2022-10-18 16:00:00+00:00,40.845966758883975,16
2022-10-18 17:00:00+00:00,41.03777744875402,17
2022-10-18 18:00:00+00:00,37.848589512899444,18
2022-10-18 19:00:00+00:00,38.05391326395372,19
2022-10-18 20:00:00+00:00,35.775641350162424,20
2022-10-18 21:00:00+00:00,12.31640044228739,21
2022-10-18 22:00:00+00:00,22.19706544322298,22
2022-10-18 23:00:00+00:00,22.978207165103566,23
2022-10-19 00:00:00+00:00,31.76566888762978,0
2022-10-19 01:00:00+00:00,37.30407654536935,1
2022-10-19 02:00:00+00:00,39.653468045402924,2
2022-10-19 03:00:00+00:00,40.56240699608773,3
2022-10-19 04:00:00+00:00,38.234980102209754,4
2022-10-19 05:00:00+00:00,36.856051435039895,5
2022-10-19 06:00:00+00:00,14.954804827625932,6
2022-10-19 07:00:00+00:00,25.32575274373218,7
2022-10-19 08:00:00+00:00,33.31548728755029,8
2022-10-19 09:00:00+00:00,29.229980114803904,9
2022-10-19 10:00:00+00:00,32.52620545934797,10
2022-10-19 11:00:00+00:00,30.85784574750304,11
2022-10-19 12:00:00+00:00,24.845840029360225,12
2022-10-19 13:00:00+00:00,32.519832651229834,13
2022-10-19 14:00:00+00:00,33.901662197934975,14
2022-10-19 15:00:00+00:00,17.362478424146545,15
2022-10-19 16:00:00+00:00,27.717675499929424,16
2022-10-19 17:00:00+00:00,25.135166118047803,17
2022-10-19 18:00:00+00:00,37.327974389804744,18
2022-10-19 19:00:00+00:00,28.926330347641287,19
2022-10-19 20:00:00+00:00,17.367055316949827,20
2022-10-19 21:00:00+00:00,32.482440217190494,21
2022-10-19 22:00:00+00:00,32.31853026787842,22
2022-10-19 23:00:00+00:00,31.995230231220205,23
2022-10-20 00:00:00+00:00,34.70010478958825,0
2022-10-20 01:00:00+00:00,31.27815448108604,1
2022-10-20 02:00:00+00:00,29.372180542063425,2
2022-10-20 03:00:00+00:00,25.207207199720433,3
2022-10-20 04:00:00+00:00,15.165049378912066,4
2022-10-20 05:00:00+00:00,4.465744173431508,5
2022-10-20 06:00:00+00:00,23.045994409059354,6
2022-10-20 07:00:00+00:00,19.99779452329375,7
2022-10-20 08:00:00+00:00,12.997874283988981,8
2022-10-20 09:00:00+00:00,5.728050733728081,9
2022-10-20 10:00:00+00:00,10.68154884623478,10
2022-10-20 11:00:00+00:00,8.346517933252104,11
2022-10-20 12:00:00+00:00,7.434426502497307,12
2022-10-20 13:00:00+00:00,6.970238415162509,13
2022-10-20 14:00:00+00:00,0.9962230059076794,14
2022-10-20 15:00:00+00:00,16.461730403207895,15
2022-10-20 16:00:00+00:00,25.072810003936635,16
2022-10-20 17:00:00+00:00,27.4871103180153,17
2022-10-20 18:00:00+00:00,18.51721328499059,18
2022-10-20 19:00:00+00:00,19.088163774738,19
2022-10-20 20:00:00+00:00,24.529313199807707,20
2022-10-20 21:00:00+00:00,20.315792423661627,21
2022-10-20 22:00:00+00:00,20.050590732076355,22
2022-10-20 23:00:00+00:00,20.73657702334616,23
2022-10-21 00:00:00+00:00,28.06517475004709,0
2022-10-21 01:00:00+00:00,28.674777615757797,1
2022-10-21 02:00:00+00:00,30.377710830252326,2
2022-10-21 03:00:00+00:00,29.322633062688492,3
2022-10-21 04:00:00+00:00,28.17401079124503,4
2022-10-21 05:00:00+00:00,24.96187551652664,5
2022-10-21 06:00:00+00:00,0.8829594202966253,6
2022-10-21 07:00:00+00:00,5.145844521787172,7
2022-10-21 08:00:00+00:00,8.7769895973096,8
2022-10-21 09:00:00+00:00,4.053729726770746,9
2022-10-21 10:00:00+00:00,8.300281236139407,10
2022-10-21 11:00:00+00:00,4.271061355635694,11
2022-10-21 12:00:00+00:00,1.2035222261612595,12
2022-10-21 13:00:00+00:00,4.159557135239056,13
2022-10-21 14:00:00+00:00,6.250230712322861,14
2022-10-21 15:00:00+00:00,18.66785010838393,15
2022-10-21 16:00:00+00:00,27.370137694113968,16
2022-10-21 17:00:00+00:00,27.575795047098584,17
2022-10-21 18:00:00+00:00,24.26585495739417,18
2022-10-21 19:00:00+00:00,21.143089048814982,19
2022-10-21 20:00:00+00:00,15.702177817376509,20
2022-10-21 21:00:00+00:00,2.8485759973231897,21
2022-10-21 22:00:00+00:00,0.6287144795429068,22
2022-10-21 23:00:00+00:00,2.01662487554752,23
2022-10-22 00:00:00+00:00,1.7220731532112434,0
2022-10-22 01:00:00+00:00,3.779352432879609,1
2022-10-22 02:00:00+00:00,4.441450435623513,2
2022-10-22 03:00:00+00:00,4.708807156447092,3
2022-10-22 04:00:00+00:00,4.928206642068003,4
2022-10-22 05:00:00+00:00,5.620806493803302,5
2022-10-22 06:00:00+00:00,9.941083123027534,6
2022-10-22 07:00:00+00:00,13.220936927876942,7
2022-10-22 08:00:00+00:00,26.04675812931516,8
2022-10-22 09:00:00+00:00,25.416356021008486,9
2022-10-22 10:00:00+00:00,23.148290816532235,10
2022-10-22 11:00:00+00:00,22.538786633650542,11
2022-10-22 12:00:00+00:00,28.740485709600044,12
2022-10-22 13:00:00+00:00,27.150605196347332,13
2022-10-22 14:00:00+00:00,35.39089828089864,14
2022-10-22 15:00:00+00:00,42.37761485581918,15
2022-10-22 16:00:00+00:00,47.46907385863163,16
2022-10-22 17:00:00+00:00,46.5172721329511,17
2022-10-22 18:00:00+00:00,46.08819958295546,18
2022-10-22 19:00:00+00:00,46.8798277232328,19
2022-10-22 20:00:00+00:00,46.3109028239272,20
2022-10-22 21:00:00+00:00,1.6774697636369975,21
2022-10-22 22:00:00+00:00,10.481502096523217,22
2022-10-22 23:00:00+00:00,17.21705328702287,23
2022-10-23 00:00:00+00:00,26.11298718578729,0
2022-10-23 01:00:00+00:00,31.585367105145718,1
2022-10-23 02:00:00+00:00,41.32757614498186,2
2022-10-23 03:00:00+00:00,43.40563211428541,3
2022-10-23 04:00:00+00:00,46.25285833530925,4
2022-10-23 05:00:00+00:00,44.87237996797862,5
2022-10-23 06:00:00+00:00,36.243602064442285,6
2022-10-23 07:00:00+00:00,37.698025712736815,7
2022-10-23 08:00:00+00:00,43.20604426083531,8
2022-10-23 09:00:00+00:00,37.81539503467888,9
2022-10-23 10:00:00+00:00,41.76913378311016,10
2022-10-23 11:00:00+00:00,37.88791360910919,11
2022-10-23 12:00:00+00:00,24.095310987836275,12
2022-10-23 13:00:00+00:00,21.535329711683136,13
2022-10-23 14:00:00+00:00,19.009267364581813,14
2022-10-23 15:00:00+00:00,28.701722535827123,15
2022-10-23 16:00:00+00:00,26.253194905929465,16
2022-10-23 17:00:00+00:00,26.46668096900197,17
2022-10-23 18:00:00+00:00,33.824613885233845,18
2022-10-23 19:00:00+00:00,35.121694163508046,19
2022-10-23 20:00:00+00:00,32.92247997409956,20
2022-10-23 21:00:00+00:00,14.833301207422231,21
2022-10-23 22:00:00+00:00,21.05413288317307,22
2022-10-23 23:00:00+00:00,24.247522966839924,23
2022-10-24 00:00:00+00:00,29.25320048348271,0
2022-10-24 01:00:00+00:00,30.0661359524373,1
2022-10-24 02:00:00+00:00,31.1832739193109,2
2022-10-24 03:00:00+00:00,32.02880921159793,3
2022-10-24 04:00:00+00:00,32.493354490031436,4
2022-10-24 05:00:00+00:00,32.15005493779606,5
2022-10-24 06:00:00+00:00,14.319609640141524,6
2022-10-24 07:00:00+00:00,7.000370484570596,7
2022-10-24 08:00:00+00:00,21.065108648857954,8
2022-10-24 09:00:00+00:00,14.560692849311788,9
2022-10-24 10:00:00+00:00,6.5784124606881145,10
2022-10-24 11:00:00+00:00,6.892656383014072,11
2022-10-24 12:00:00+00:00,4.590700879656065,12
2022-10-24 13:00:00+00:00,8.391771748938488,13
2022-10-24 14:00:00+00:00,19.06021110895604,14
2022-10-24 15:00:00+00:00,38.31501662259114,15
2022-10-24 16:00:00+00:00,43.94725311956891,16
2022-10-24 17:00:00+00:00,45.43870391066616,17
2022-10-24 18:00:00+00:00,45.46772191408296,18
2022-10-24 19:00:00+00:00,45.01840943427703,19
2022-10-24 20:00:00+00:00,43.52763653935097,20
2022-10-24 21:00:00+00:00,2.0650994526156228,21
2022-10-24 22:00:00+00:00,13.903477405935249,22
2022-10-24 23:00:00+00:00,20.339113822750544,23
2022-10-25 00:00:00+00:00,24.6008059960847,0
2022-10-25 01:00:00+00:00,30.080746144376903,1
2022-10-25 02:00:00+00:00,30.640985044582354,2
2022-10-25 03:00:00+00:00,27.289402901491222,3
2022-10-25 04:00:00+00:00,28.129775266243684,4
2022-10-25 05:00:00+00:00,26.667796676688667,5
2022-10-25 06:00:00+00:00,3.375649121305279,6
2022-10-25 07:00:00+00:00,18.514341121006233,7
2022-10-25 08:00:00+00:00,16.845256876550778,8
2022-10-25 09:00:00+00:00,16.692796037306394,9
2022-10-25 10:00:00+00:00,22.120967311127817,10
2022-10-25 11:00:00+00:00,19.679302659275496,11
2022-10-25 12:00:00+00:00,17.20926115602651,12
2022-10-25 13:00:00+00:00,13.023290355687914,13
2022-10-25 14:00:00+00:00,22.353029142537796,14
2022-10-25 15:00:00+00:00,35.266461738779824,15
2022-10-25 16:00:00+00:00,32.14898594725148,16
2022-10-25 17:00:00+00:00,16.96766464845043,17
2022-10-25 18:00:00+00:00,13.379134116169405,18
2022-10-25 19:00:00+00:00,3.528401650323148,19
2022-10-25 20:00:00+00:00,9.286459458994042,20
2022-10-25 21:00:00+00:00,41.89827264689129,21
2022-10-25 22:00:00+00:00,41.415775657571295,22
2022-10-25 23:00:00+00:00,37.938707515284,23
2022-10-26 00:00:00+00:00,36.878467565139786,0
2022-10-26 01:00:00+00:00,38.886284603895234,1
2022-10-26 02:00:00+00:00,39.693002202126785,2
2022-10-26 03:00:00+00:00,39.85253141188001,3
2022-10-26 04:00:00+00:00,37.9285585669214,4
2022-10-26 05:00:00+00:00,41.54714132213467,5
2022-10-26 06:00:00+00:00,20.465325288796336,6
2022-10-26 07:00:00+00:00,20.949569738089952,7
2022-10-26 08:00:00+00:00,33.23131538798304,8
2022-10-26 09:00:00+00:00,27.834204698189275,9
2022-10-26 10:00:00+00:00,26.938753928271375,10
2022-10-26 11:00:00+00:00,26.641298249485306,11
2022-10-26 12:00:00+00:00,21.52149760526119,12
2022-10-26 13:00:00+00:00,15.708726587732952,13
2022-10-26 14:00:00+00:00,23.428496228062208,14
2022-10-26 15:00:00+00:00,30.12802438299042,15
2022-10-26 16:00:00+00:00,31.137440200757315,16
2022-10-26 17:00:00+00:00,27.644764736952542,17
2022-10-26 18:00:00+00:00,27.14960754251174,18
2022-10-26 19:00:00+00:00,17.023878868139324,19
2022-10-26 20:00:00+00:00,21.396464831092015,20
2022-10-26 21:00:00+00:00,21.725884242301834,21
2022-10-26 22:00:00+00:00,26.997100468849943,22
2022-10-26 23:00:00+00:00,28.397263438878937,23
