,mape_temp,hour
2022-08-05 00:00:00+00:00,100.0,0
2022-08-05 01:00:00+00:00,100.0,1
2022-08-05 02:00:00+00:00,100.0,2
2022-08-05 03:00:00+00:00,100.0,3
2022-08-05 04:00:00+00:00,100.0,4
2022-08-05 05:00:00+00:00,100.0,5
2022-08-05 06:00:00+00:00,100.0,6
2022-08-05 07:00:00+00:00,100.0,7
2022-08-05 08:00:00+00:00,100.0,8
2022-08-05 09:00:00+00:00,100.0,9
2022-08-05 10:00:00+00:00,100.0,10
2022-08-05 11:00:00+00:00,100.0,11
2022-08-05 12:00:00+00:00,100.0,12
2022-08-05 13:00:00+00:00,96.87862908140707,13
2022-08-05 14:00:00+00:00,93.99718317820638,14
2022-08-05 15:00:00+00:00,90.7860129834291,15
2022-08-05 16:00:00+00:00,83.26602276925345,16
2022-08-05 17:00:00+00:00,77.34932915319398,17
2022-08-05 18:00:00+00:00,91.83881496328793,18
2022-08-05 19:00:00+00:00,100.0,19
2022-08-05 20:00:00+00:00,100.0,20
2022-08-05 21:00:00+00:00,100.0,21
2022-08-05 22:00:00+00:00,100.0,22
2022-08-05 23:00:00+00:00,100.0,23
2022-08-06 00:00:00+00:00,95.10908493179986,0
2022-08-06 01:00:00+00:00,39.153961182762494,1
2022-08-06 02:00:00+00:00,0.49851075291864966,2
2022-08-06 03:00:00+00:00,13.337906096164748,3
2022-08-06 04:00:00+00:00,28.31263719169057,4
2022-08-06 05:00:00+00:00,48.01875281249231,5
2022-08-06 06:00:00+00:00,59.96417643035259,6
2022-08-06 07:00:00+00:00,86.22653640260431,7
2022-08-06 08:00:00+00:00,87.02849876654535,8
2022-08-06 09:00:00+00:00,87.75556932827257,9
2022-08-06 10:00:00+00:00,79.65909662996998,10
2022-08-06 11:00:00+00:00,67.74217134756434,11
2022-08-06 12:00:00+00:00,12.696630832028754,12
2022-08-06 13:00:00+00:00,186.5225809954096,13
2022-08-06 14:00:00+00:00,128.48105162212028,14
2022-08-06 15:00:00+00:00,71.82787529456299,15
2022-08-06 16:00:00+00:00,67.47466546935573,16
2022-08-06 17:00:00+00:00,69.66421441132866,17
2022-08-06 18:00:00+00:00,76.78643376538658,18
2022-08-06 19:00:00+00:00,53.31484082305935,19
2022-08-06 20:00:00+00:00,22.395230957250938,20
2022-08-06 21:00:00+00:00,54.026962072803286,21
2022-08-06 22:00:00+00:00,115.04863002195,22
2022-08-06 23:00:00+00:00,126.61179337627327,23
2022-08-07 00:00:00+00:00,78.25376815468206,0
2022-08-07 01:00:00+00:00,76.91914962761356,1
2022-08-07 02:00:00+00:00,76.57958409557028,2
2022-08-07 03:00:00+00:00,85.23358378542494,3
2022-08-07 04:00:00+00:00,85.3754606729888,4
2022-08-07 05:00:00+00:00,84.96199614463175,5
2022-08-07 06:00:00+00:00,86.50281838023697,6
2022-08-07 07:00:00+00:00,80.44234100614702,7
2022-08-07 08:00:00+00:00,83.88496962397349,8
2022-08-07 09:00:00+00:00,83.82031576163895,9
2022-08-07 10:00:00+00:00,21.456827490721274,10
2022-08-07 11:00:00+00:00,21.227202108077257,11
2022-08-07 12:00:00+00:00,34.21071896275449,12
2022-08-07 13:00:00+00:00,7.826641194329407,13
2022-08-07 14:00:00+00:00,84.84769900827588,14
2022-08-07 15:00:00+00:00,160.83954436796807,15
2022-08-07 16:00:00+00:00,207.01202302941044,16
2022-08-07 17:00:00+00:00,168.5295256045513,17
2022-08-07 18:00:00+00:00,158.39179255384065,18
2022-08-07 19:00:00+00:00,166.44522108292225,19
2022-08-07 20:00:00+00:00,114.85971371614279,20
2022-08-07 21:00:00+00:00,91.76538144797777,21
2022-08-07 22:00:00+00:00,104.02384324644099,22
2022-08-07 23:00:00+00:00,176.05887673299412,23
2022-08-08 00:00:00+00:00,220.44201845690782,0
2022-08-08 01:00:00+00:00,356.23195959324386,1
2022-08-08 02:00:00+00:00,317.16204659700065,2
2022-08-08 03:00:00+00:00,360.4401709649773,3
2022-08-08 04:00:00+00:00,262.9453011185773,4
2022-08-08 05:00:00+00:00,135.03418010432713,5
2022-08-08 06:00:00+00:00,68.49505071318082,6
2022-08-08 07:00:00+00:00,100.0,7
2022-08-08 08:00:00+00:00,100.0,8
2022-08-08 09:00:00+00:00,100.0,9
2022-08-08 10:00:00+00:00,100.0,10
2022-08-08 11:00:00+00:00,100.0,11
2022-08-08 12:00:00+00:00,100.0,12
2022-08-08 13:00:00+00:00,90.80862734917443,13
2022-08-08 14:00:00+00:00,87.57591053951556,14
2022-08-08 15:00:00+00:00,61.52496650267396,15
2022-08-08 16:00:00+00:00,41.493522386499876,16
2022-08-08 17:00:00+00:00,43.68549097570049,17
2022-08-08 18:00:00+00:00,44.57341816576966,18
2022-08-08 19:00:00+00:00,100.0,19
2022-08-08 20:00:00+00:00,95.01056388361742,20
2022-08-08 21:00:00+00:00,89.82092634320512,21
2022-08-08 22:00:00+00:00,84.25921780205512,22
2022-08-08 23:00:00+00:00,67.93656284585093,23
2022-08-09 00:00:00+00:00,45.966113728902805,0
2022-08-09 01:00:00+00:00,237.95913383617778,1
2022-08-09 02:00:00+00:00,293.3182637335765,2
2022-08-09 03:00:00+00:00,242.00359958788567,3
2022-08-09 04:00:00+00:00,172.43115190997923,4
2022-08-09 05:00:00+00:00,95.294292223857,5
2022-08-09 06:00:00+00:00,63.314297942983835,6
2022-08-09 07:00:00+00:00,235.4029399494933,7
2022-08-09 08:00:00+00:00,137.1194986766866,8
2022-08-09 09:00:00+00:00,66.16187026161732,9
2022-08-09 10:00:00+00:00,91.09001556234998,10
2022-08-09 11:00:00+00:00,83.67475677020889,11
2022-08-09 12:00:00+00:00,98.76172434596762,12
2022-08-09 13:00:00+00:00,6.078483456128734,13
2022-08-09 14:00:00+00:00,107.02012451900005,14
2022-08-09 15:00:00+00:00,110.94290080715128,15
2022-08-09 16:00:00+00:00,130.56923644301642,16
2022-08-09 17:00:00+00:00,134.4300866495366,17
2022-08-09 18:00:00+00:00,120.20468673292667,18
2022-08-09 19:00:00+00:00,39.01425251439154,19
2022-08-09 20:00:00+00:00,20.622271742647747,20
2022-08-09 21:00:00+00:00,130.56129165341147,21
2022-08-09 22:00:00+00:00,179.06665227923042,22
2022-08-09 23:00:00+00:00,187.67834635335188,23
2022-08-10 00:00:00+00:00,150.5028724730824,0
2022-08-10 01:00:00+00:00,303.5161269208364,1
2022-08-10 02:00:00+00:00,238.85850492490053,2
2022-08-10 03:00:00+00:00,173.35574687745975,3
2022-08-10 04:00:00+00:00,113.89660303026672,4
2022-08-10 05:00:00+00:00,80.24223169461052,5
2022-08-10 06:00:00+00:00,39.68240876327523,6
2022-08-10 07:00:00+00:00,72.8970200983438,7
2022-08-10 08:00:00+00:00,76.57841282499194,8
2022-08-10 09:00:00+00:00,72.02591146573967,9
2022-08-10 10:00:00+00:00,1.9801320262274917,10
2022-08-10 11:00:00+00:00,37.630381447936706,11
2022-08-10 12:00:00+00:00,71.4023852097205,12
2022-08-10 13:00:00+00:00,81.96455456364528,13
2022-08-10 14:00:00+00:00,101.72536121710156,14
2022-08-10 15:00:00+00:00,136.46860277755192,15
2022-08-10 16:00:00+00:00,162.11564597599119,16
2022-08-10 17:00:00+00:00,185.63098109419667,17
2022-08-10 18:00:00+00:00,154.33893475587303,18
2022-08-10 19:00:00+00:00,183.97504421395297,19
2022-08-10 20:00:00+00:00,271.4507204181025,20
2022-08-10 21:00:00+00:00,274.67721215480293,21
2022-08-10 22:00:00+00:00,266.4329409778064,22
2022-08-10 23:00:00+00:00,213.66541918340255,23
2022-08-11 00:00:00+00:00,171.9174755181573,0
2022-08-11 01:00:00+00:00,197.0802128750181,1
2022-08-11 02:00:00+00:00,258.42278828529606,2
2022-08-11 03:00:00+00:00,282.9139199757771,3
2022-08-11 04:00:00+00:00,210.96700285942796,4
2022-08-11 05:00:00+00:00,121.70185881793785,5
2022-08-11 06:00:00+00:00,8.759691142298257,6
2022-08-11 07:00:00+00:00,45.04453773846549,7
2022-08-11 08:00:00+00:00,49.216701475796505,8
2022-08-11 09:00:00+00:00,19.412741049006513,9
2022-08-11 10:00:00+00:00,45.68671240058432,10
2022-08-11 11:00:00+00:00,78.75493489467895,11
2022-08-11 12:00:00+00:00,116.90940033616504,12
2022-08-11 13:00:00+00:00,239.41742845137176,13
2022-08-11 14:00:00+00:00,158.8361037711903,14
2022-08-11 15:00:00+00:00,242.72640175398953,15
2022-08-11 16:00:00+00:00,282.70167182162277,16
2022-08-11 17:00:00+00:00,333.03832411489975,17
2022-08-11 18:00:00+00:00,334.96431498949806,18
2022-08-11 19:00:00+00:00,361.3055731940867,19
2022-08-11 20:00:00+00:00,384.2875331313209,20
2022-08-11 21:00:00+00:00,391.6002407169069,21
2022-08-11 22:00:00+00:00,420.3832087932498,22
2022-08-11 23:00:00+00:00,450.18889818837806,23
2022-08-12 00:00:00+00:00,441.31176023051324,0
2022-08-12 01:00:00+00:00,400.3539909722115,1
2022-08-12 02:00:00+00:00,436.14820750665143,2
2022-08-12 03:00:00+00:00,421.87102865128674,3
2022-08-12 04:00:00+00:00,373.14377262104045,4
2022-08-12 05:00:00+00:00,307.3776853214842,5
2022-08-12 06:00:00+00:00,263.01809896543557,6
2022-08-12 07:00:00+00:00,19.828615587958065,7
2022-08-12 08:00:00+00:00,32.16113539380361,8
2022-08-12 09:00:00+00:00,18.209816110881718,9
2022-08-12 10:00:00+00:00,21.663715526377477,10
2022-08-12 11:00:00+00:00,66.1874735499364,11
2022-08-12 12:00:00+00:00,19.3928941563265,12
2022-08-12 13:00:00+00:00,5.2262185493117395,13
2022-08-12 14:00:00+00:00,109.6266696120644,14
2022-08-12 15:00:00+00:00,164.78535635043235,15
2022-08-12 16:00:00+00:00,225.30384400004868,16
2022-08-12 17:00:00+00:00,336.6722697399164,17
2022-08-12 18:00:00+00:00,390.9096526987469,18
2022-08-12 19:00:00+00:00,486.1064062504732,19
2022-08-12 20:00:00+00:00,486.93752920625604,20
2022-08-12 21:00:00+00:00,486.71862646822683,21
2022-08-12 22:00:00+00:00,493.20214074788555,22
2022-08-12 23:00:00+00:00,495.92169072518413,23
2022-08-13 00:00:00+00:00,505.4647431320872,0
2022-08-13 01:00:00+00:00,512.8012339365647,1
2022-08-13 02:00:00+00:00,533.5353043883724,2
2022-08-13 03:00:00+00:00,553.8407806161491,3
2022-08-13 04:00:00+00:00,545.6809593527694,4
2022-08-13 05:00:00+00:00,492.6881251378,5
2022-08-13 06:00:00+00:00,407.4438336988666,6
2022-08-13 07:00:00+00:00,336.9073397447544,7
2022-08-13 08:00:00+00:00,300.1078957625573,8
2022-08-13 09:00:00+00:00,202.87179973452078,9
2022-08-13 10:00:00+00:00,148.89454055481983,10
2022-08-13 11:00:00+00:00,106.65069636831,11
2022-08-13 12:00:00+00:00,242.08643420687787,12
2022-08-13 13:00:00+00:00,374.85037367817154,13
2022-08-13 14:00:00+00:00,328.3027350446455,14
2022-08-13 15:00:00+00:00,278.44655259092474,15
2022-08-13 16:00:00+00:00,278.4794948667712,16
2022-08-13 17:00:00+00:00,347.1584960349594,17
2022-08-13 18:00:00+00:00,236.9833252721636,18
2022-08-13 19:00:00+00:00,13.047384827638178,19
2022-08-13 20:00:00+00:00,60.83031329745029,20
2022-08-13 21:00:00+00:00,109.72973765623266,21
2022-08-13 22:00:00+00:00,121.5609390174616,22
2022-08-13 23:00:00+00:00,93.25476453517396,23
2022-08-14 00:00:00+00:00,71.87377360901122,0
2022-08-14 01:00:00+00:00,76.31924966753213,1
2022-08-14 02:00:00+00:00,70.37676021290815,2
2022-08-14 03:00:00+00:00,48.54811241254618,3
2022-08-14 04:00:00+00:00,16.09643163105329,4
2022-08-14 05:00:00+00:00,19.070217966664515,5
2022-08-14 06:00:00+00:00,91.8258775686754,6
2022-08-14 07:00:00+00:00,88.13977355928559,7
2022-08-14 08:00:00+00:00,88.89561458208152,8
2022-08-14 09:00:00+00:00,17.821473463362786,9
2022-08-14 10:00:00+00:00,56.01950169476183,10
2022-08-14 11:00:00+00:00,94.87188417478598,11
2022-08-14 12:00:00+00:00,143.33395838207693,12
2022-08-14 13:00:00+00:00,363.6036016127534,13
2022-08-14 14:00:00+00:00,349.4749448660353,14
2022-08-14 15:00:00+00:00,375.1565504588156,15
2022-08-14 16:00:00+00:00,420.6522111343621,16
2022-08-14 17:00:00+00:00,373.3967505208113,17
2022-08-14 18:00:00+00:00,350.13640401031387,18
2022-08-14 19:00:00+00:00,58.39676078624192,19
2022-08-14 20:00:00+00:00,42.37280091932151,20
2022-08-14 21:00:00+00:00,32.09315626516102,21
2022-08-14 22:00:00+00:00,6.814732457579134,22
2022-08-14 23:00:00+00:00,7.111817008374112,23
2022-08-15 00:00:00+00:00,9.21296721276747,0
2022-08-15 01:00:00+00:00,37.757632283041936,1
2022-08-15 02:00:00+00:00,100.0,2
2022-08-15 03:00:00+00:00,100.0,3
2022-08-15 04:00:00+00:00,100.0,4
2022-08-15 05:00:00+00:00,100.0,5
2022-08-15 06:00:00+00:00,100.0,6
2022-08-15 07:00:00+00:00,100.0,7
2022-08-15 08:00:00+00:00,100.0,8
2022-08-15 09:00:00+00:00,100.0,9
2022-08-15 10:00:00+00:00,100.0,10
2022-08-15 11:00:00+00:00,100.0,11
2022-08-15 12:00:00+00:00,100.0,12
2022-08-15 13:00:00+00:00,100.0,13
2022-08-15 14:00:00+00:00,96.88394777641889,14
2022-08-15 15:00:00+00:00,93.56124349343534,15
2022-08-15 16:00:00+00:00,35.9366807643537,16
2022-08-15 17:00:00+00:00,13.9818751932239,17
2022-08-15 18:00:00+00:00,35.98418081957197,18
2022-08-15 19:00:00+00:00,100.0,19
2022-08-15 20:00:00+00:00,100.0,20
2022-08-15 21:00:00+00:00,100.0,21
2022-08-15 22:00:00+00:00,100.0,22
2022-08-15 23:00:00+00:00,100.0,23
2022-08-16 00:00:00+00:00,100.0,0
2022-08-16 01:00:00+00:00,28.140901320690393,1
2022-08-16 02:00:00+00:00,63.14433680998264,2
2022-08-16 03:00:00+00:00,74.98306405555178,3
2022-08-16 04:00:00+00:00,76.09156928962075,4
2022-08-16 05:00:00+00:00,60.05925136096252,5
2022-08-16 06:00:00+00:00,16.02237164019505,6
2022-08-16 07:00:00+00:00,25.039321560883725,7
2022-08-16 08:00:00+00:00,8.47777696361918,8
2022-08-16 09:00:00+00:00,32.430406938946746,9
2022-08-16 10:00:00+00:00,47.2153428231522,10
2022-08-16 11:00:00+00:00,54.07623426753839,11
2022-08-16 12:00:00+00:00,62.20210717437443,12
2022-08-16 13:00:00+00:00,23.522913911579636,13
2022-08-16 14:00:00+00:00,86.46092207632658,14
2022-08-16 15:00:00+00:00,118.6521531614602,15
2022-08-16 16:00:00+00:00,180.85455459295693,16
2022-08-16 17:00:00+00:00,192.48217579211058,17
2022-08-16 18:00:00+00:00,220.19590966990864,18
2022-08-16 19:00:00+00:00,26.714586440954413,19
2022-08-16 20:00:00+00:00,17.96483049739462,20
2022-08-16 21:00:00+00:00,39.477370588863174,21
2022-08-16 22:00:00+00:00,54.50010976848518,22
2022-08-16 23:00:00+00:00,64.4025009220741,23
2022-08-17 00:00:00+00:00,70.6924953054262,0
2022-08-17 01:00:00+00:00,100.0,1
2022-08-17 02:00:00+00:00,100.0,2
2022-08-17 03:00:00+00:00,100.0,3
2022-08-17 04:00:00+00:00,100.0,4
2022-08-17 05:00:00+00:00,100.0,5
2022-08-17 06:00:00+00:00,100.0,6
2022-08-17 07:00:00+00:00,100.0,7
2022-08-17 08:00:00+00:00,100.0,8
2022-08-17 09:00:00+00:00,100.0,9
2022-08-17 10:00:00+00:00,100.0,10
2022-08-17 11:00:00+00:00,100.0,11
2022-08-17 12:00:00+00:00,100.0,12
2022-08-17 13:00:00+00:00,60.33719241433696,13
2022-08-17 14:00:00+00:00,25.05151710513298,14
2022-08-17 15:00:00+00:00,64.77874334237701,15
2022-08-17 16:00:00+00:00,37.18794438074097,16
2022-08-17 17:00:00+00:00,31.746808982497456,17
2022-08-17 18:00:00+00:00,18.92160192494433,18
2022-08-17 19:00:00+00:00,100.0,19
2022-08-17 20:00:00+00:00,100.0,20
2022-08-17 21:00:00+00:00,100.0,21
2022-08-17 22:00:00+00:00,100.0,22
2022-08-17 23:00:00+00:00,100.0,23
2022-08-18 00:00:00+00:00,100.0,0
2022-08-18 01:00:00+00:00,100.0,1
2022-08-18 02:00:00+00:00,100.0,2
2022-08-18 03:00:00+00:00,100.0,3
2022-08-18 04:00:00+00:00,100.0,4
2022-08-18 05:00:00+00:00,100.0,5
2022-08-18 06:00:00+00:00,100.0,6
2022-08-18 07:00:00+00:00,100.0,7
2022-08-18 08:00:00+00:00,100.0,8
2022-08-18 09:00:00+00:00,100.0,9
2022-08-18 10:00:00+00:00,100.0,10
2022-08-18 11:00:00+00:00,100.0,11
2022-08-18 12:00:00+00:00,100.0,12
2022-08-18 13:00:00+00:00,100.0,13
2022-08-18 14:00:00+00:00,100.0,14
2022-08-18 15:00:00+00:00,100.0,15
2022-08-18 16:00:00+00:00,100.0,16
2022-08-18 17:00:00+00:00,100.0,17
2022-08-18 18:00:00+00:00,100.0,18
2022-08-18 19:00:00+00:00,100.0,19
2022-08-18 20:00:00+00:00,100.0,20
2022-08-18 21:00:00+00:00,100.0,21
2022-08-18 22:00:00+00:00,100.0,22
2022-08-18 23:00:00+00:00,100.0,23
2022-08-19 00:00:00+00:00,100.0,0
2022-08-19 01:00:00+00:00,100.0,1
2022-08-19 02:00:00+00:00,100.0,2
2022-08-19 03:00:00+00:00,100.0,3
2022-08-19 04:00:00+00:00,100.0,4
2022-08-19 05:00:00+00:00,100.0,5
2022-08-19 06:00:00+00:00,100.0,6
2022-08-19 07:00:00+00:00,100.0,7
2022-08-19 08:00:00+00:00,100.0,8
2022-08-19 09:00:00+00:00,100.0,9
2022-08-19 10:00:00+00:00,100.0,10
2022-08-19 11:00:00+00:00,100.0,11
2022-08-19 12:00:00+00:00,100.0,12
2022-08-19 13:00:00+00:00,100.0,13
2022-08-19 14:00:00+00:00,100.0,14
2022-08-19 15:00:00+00:00,100.0,15
2022-08-19 16:00:00+00:00,96.86637829687034,16
2022-08-19 17:00:00+00:00,41.67294745735062,17
2022-08-19 18:00:00+00:00,14.473360371414742,18
2022-08-19 19:00:00+00:00,263.1083283265851,19
2022-08-19 20:00:00+00:00,294.81236157504094,20
2022-08-19 21:00:00+00:00,307.46702099921754,21
2022-08-19 22:00:00+00:00,228.65611165303514,22
2022-08-19 23:00:00+00:00,171.29503143075559,23
2022-08-20 00:00:00+00:00,135.53689614817094,0
2022-08-20 01:00:00+00:00,90.20568310340767,1
2022-08-20 02:00:00+00:00,84.93082747505298,2
2022-08-20 03:00:00+00:00,79.97874242977481,3
2022-08-20 04:00:00+00:00,33.72879682591524,4
2022-08-20 05:00:00+00:00,33.26834411512989,5
2022-08-20 06:00:00+00:00,29.552859640993965,6
2022-08-20 07:00:00+00:00,206.23307129840632,7
2022-08-20 08:00:00+00:00,149.34155210582708,8
2022-08-20 09:00:00+00:00,60.63129747407798,9
2022-08-20 10:00:00+00:00,19.69543496572971,10
2022-08-20 11:00:00+00:00,13.64998485638237,11
2022-08-20 12:00:00+00:00,15.734249665684727,12
2022-08-20 13:00:00+00:00,162.9713255296031,13
2022-08-20 14:00:00+00:00,168.91406258878766,14
2022-08-20 15:00:00+00:00,104.70775255665158,15
2022-08-20 16:00:00+00:00,162.66283454098823,16
2022-08-20 17:00:00+00:00,206.81656405811677,17
2022-08-20 18:00:00+00:00,238.56811730083075,18
2022-08-20 19:00:00+00:00,27.68261749365864,19
2022-08-20 20:00:00+00:00,15.976768510084494,20
2022-08-20 21:00:00+00:00,33.544104009173445,21
2022-08-20 22:00:00+00:00,49.150702317787264,22
2022-08-20 23:00:00+00:00,59.31397944542242,23
2022-08-21 00:00:00+00:00,63.73486351486366,0
2022-08-21 01:00:00+00:00,116.2990334136944,1
2022-08-21 02:00:00+00:00,92.7729591291803,2
2022-08-21 03:00:00+00:00,160.28844297622481,3
2022-08-21 04:00:00+00:00,199.54528509265546,4
2022-08-21 05:00:00+00:00,203.37305085824477,5
2022-08-21 06:00:00+00:00,198.1481835623076,6
2022-08-21 07:00:00+00:00,11.22424191555487,7
2022-08-21 08:00:00+00:00,51.60194761208663,8
2022-08-21 09:00:00+00:00,62.33243283116568,9
2022-08-21 10:00:00+00:00,67.99488600951918,10
2022-08-21 11:00:00+00:00,58.96450613914662,11
2022-08-21 12:00:00+00:00,29.96782764445728,12
2022-08-21 13:00:00+00:00,212.74936226873993,13
2022-08-21 14:00:00+00:00,254.395921878812,14
2022-08-21 15:00:00+00:00,353.9745089950426,15
2022-08-21 16:00:00+00:00,282.8143216306498,16
2022-08-21 17:00:00+00:00,261.065019758139,17
2022-08-21 18:00:00+00:00,221.85226323569842,18
2022-08-21 19:00:00+00:00,6.299249830058942,19
2022-08-21 20:00:00+00:00,36.376790783471215,20
2022-08-21 21:00:00+00:00,27.474171873780044,21
2022-08-21 22:00:00+00:00,48.85233471671058,22
2022-08-21 23:00:00+00:00,38.30003327844551,23
2022-08-22 00:00:00+00:00,23.88095433561218,0
2022-08-22 01:00:00+00:00,16.7979410263806,1
2022-08-22 02:00:00+00:00,56.74834467161748,2
2022-08-22 03:00:00+00:00,57.28697437808309,3
2022-08-22 04:00:00+00:00,57.93163891323401,4
2022-08-22 05:00:00+00:00,2.1659505860595734,5
2022-08-22 06:00:00+00:00,49.84444557290259,6
2022-08-22 07:00:00+00:00,176.36473916396156,7
2022-08-22 08:00:00+00:00,39.568838258713335,8
2022-08-22 09:00:00+00:00,1.0372739133125368,9
2022-08-22 10:00:00+00:00,22.895538876069303,10
2022-08-22 11:00:00+00:00,8.900284093616131,11
2022-08-22 12:00:00+00:00,51.885032168447175,12
2022-08-22 13:00:00+00:00,259.5425459001486,13
2022-08-22 14:00:00+00:00,275.9991683162256,14
2022-08-22 15:00:00+00:00,339.7029058922456,15
2022-08-22 16:00:00+00:00,358.36931571840535,16
2022-08-22 17:00:00+00:00,377.80898253258755,17
2022-08-22 18:00:00+00:00,345.84826860974516,18
2022-08-22 19:00:00+00:00,437.12813164724037,19
2022-08-22 20:00:00+00:00,462.8864743352382,20
2022-08-22 21:00:00+00:00,481.3191915167702,21
2022-08-22 22:00:00+00:00,393.5551428997628,22
2022-08-22 23:00:00+00:00,310.7527718915135,23
2022-08-23 00:00:00+00:00,245.82303411955925,0
2022-08-23 01:00:00+00:00,55.03491699285088,1
2022-08-23 02:00:00+00:00,61.53547807233767,2
2022-08-23 03:00:00+00:00,66.07099779427557,3
2022-08-23 04:00:00+00:00,73.3127515342666,4
2022-08-23 05:00:00+00:00,79.28797762894465,5
2022-08-23 06:00:00+00:00,81.85693787293916,6
2022-08-23 07:00:00+00:00,233.8032133715597,7
2022-08-23 08:00:00+00:00,154.4358362398574,8
2022-08-23 09:00:00+00:00,83.56399738138897,9
2022-08-23 10:00:00+00:00,51.41527687229721,10
2022-08-23 11:00:00+00:00,23.644808162639784,11
2022-08-23 12:00:00+00:00,39.532838647957064,12
2022-08-23 13:00:00+00:00,216.65585988693232,13
2022-08-23 14:00:00+00:00,246.28478947099833,14
2022-08-23 15:00:00+00:00,280.5774599827847,15
2022-08-23 16:00:00+00:00,277.20752382564757,16
2022-08-23 17:00:00+00:00,319.40554937686204,17
2022-08-23 18:00:00+00:00,417.8044377625849,18
2022-08-23 19:00:00+00:00,492.9784824909761,19
2022-08-23 20:00:00+00:00,506.30496533451367,20
2022-08-23 21:00:00+00:00,511.0926409168717,21
2022-08-23 22:00:00+00:00,533.8637549341864,22
2022-08-23 23:00:00+00:00,526.2629102820866,23
2022-08-24 00:00:00+00:00,462.86162260213484,0
2022-08-24 01:00:00+00:00,269.50445735987586,1
2022-08-24 02:00:00+00:00,405.95468097742764,2
2022-08-24 03:00:00+00:00,457.52857523032355,3
2022-08-24 04:00:00+00:00,465.8750032982883,4
2022-08-24 05:00:00+00:00,398.0910160071493,5
2022-08-24 06:00:00+00:00,358.1603907861811,6
2022-08-24 07:00:00+00:00,328.27035451220644,7
2022-08-24 08:00:00+00:00,319.10659466322227,8
2022-08-24 09:00:00+00:00,323.34815898586106,9
2022-08-24 10:00:00+00:00,301.57890115162115,10
2022-08-24 11:00:00+00:00,302.35967857094715,11
2022-08-24 12:00:00+00:00,299.6402704712065,12
2022-08-24 13:00:00+00:00,274.46430540709605,13
2022-08-24 14:00:00+00:00,294.0236851577386,14
2022-08-24 15:00:00+00:00,314.4134661169334,15
2022-08-24 16:00:00+00:00,354.3363909667626,16
2022-08-24 17:00:00+00:00,401.05769103095884,17
2022-08-24 18:00:00+00:00,415.50940104423296,18
2022-08-24 19:00:00+00:00,441.41768596817707,19
2022-08-24 20:00:00+00:00,487.09092727293717,20
2022-08-24 21:00:00+00:00,483.90887284566827,21
2022-08-24 22:00:00+00:00,493.2245451796847,22
2022-08-24 23:00:00+00:00,495.04240420932996,23
2022-08-25 00:00:00+00:00,492.35313566575013,0
2022-08-25 01:00:00+00:00,492.889007818032,1
2022-08-25 02:00:00+00:00,501.96553787426706,2
2022-08-25 03:00:00+00:00,499.14519954381086,3
2022-08-25 04:00:00+00:00,495.4703759442672,4
2022-08-25 05:00:00+00:00,452.292275281248,5
2022-08-25 06:00:00+00:00,417.3916905169864,6
2022-08-25 07:00:00+00:00,374.3842393742872,7
2022-08-25 08:00:00+00:00,345.79864865055634,8
2022-08-25 09:00:00+00:00,348.35291950607945,9
2022-08-25 10:00:00+00:00,302.8130313775239,10
2022-08-25 11:00:00+00:00,282.3624689994317,11
2022-08-25 12:00:00+00:00,291.3123606738651,12
2022-08-25 13:00:00+00:00,227.29566874969672,13
2022-08-25 14:00:00+00:00,235.2697645717087,14
2022-08-25 15:00:00+00:00,189.91786785662725,15
2022-08-25 16:00:00+00:00,178.641796682305,16
2022-08-25 17:00:00+00:00,224.2644293038691,17
2022-08-25 18:00:00+00:00,257.35099991971515,18
2022-08-25 19:00:00+00:00,377.6787027453201,19
2022-08-25 20:00:00+00:00,403.7590639844988,20
2022-08-25 21:00:00+00:00,387.4493708326722,21
2022-08-25 22:00:00+00:00,346.8078845971518,22
2022-08-25 23:00:00+00:00,353.0546102082044,23
2022-08-26 00:00:00+00:00,367.70288839940935,0
2022-08-26 01:00:00+00:00,361.48736046891673,1
2022-08-26 02:00:00+00:00,374.6292344982908,2
2022-08-26 03:00:00+00:00,264.74218656961466,3
2022-08-26 04:00:00+00:00,194.07398901563627,4
2022-08-26 05:00:00+00:00,109.59343219384085,5
2022-08-26 06:00:00+00:00,54.425318666864385,6
2022-08-26 07:00:00+00:00,61.7772637999473,7
2022-08-26 08:00:00+00:00,61.106247231250975,8
2022-08-26 09:00:00+00:00,59.55424116372008,9
2022-08-26 10:00:00+00:00,57.45190321773528,10
2022-08-26 11:00:00+00:00,11.043298429095822,11
2022-08-26 12:00:00+00:00,4.754188787310336,12
2022-08-26 13:00:00+00:00,167.0273096910711,13
2022-08-26 14:00:00+00:00,162.23421965850747,14
2022-08-26 15:00:00+00:00,182.3085654618568,15
2022-08-26 16:00:00+00:00,203.524567750663,16
2022-08-26 17:00:00+00:00,236.84903104501282,17
2022-08-26 18:00:00+00:00,265.55153141167693,18
2022-08-26 19:00:00+00:00,110.52538813782459,19
2022-08-26 20:00:00+00:00,38.398265613438795,20
2022-08-26 21:00:00+00:00,9.473335944475119,21
2022-08-26 22:00:00+00:00,44.55559460936125,22
2022-08-26 23:00:00+00:00,92.95673018832854,23
2022-08-27 00:00:00+00:00,91.29925955933655,0
2022-08-27 01:00:00+00:00,82.71503077876852,1
2022-08-27 02:00:00+00:00,71.02400583846965,2
2022-08-27 03:00:00+00:00,69.68475173327433,3
2022-08-27 04:00:00+00:00,75.94162475831358,4
2022-08-27 05:00:00+00:00,85.30486406550243,5
2022-08-27 06:00:00+00:00,92.10409851242531,6
2022-08-27 07:00:00+00:00,100.0,7
2022-08-27 08:00:00+00:00,100.0,8
2022-08-27 09:00:00+00:00,100.0,9
2022-08-27 10:00:00+00:00,100.0,10
2022-08-27 11:00:00+00:00,100.0,11
2022-08-27 12:00:00+00:00,100.0,12
2022-08-27 13:00:00+00:00,93.76245786605263,13
2022-08-27 14:00:00+00:00,93.76097321331041,14
2022-08-27 15:00:00+00:00,93.50969932167705,15
2022-08-27 16:00:00+00:00,96.19253778017845,16
2022-08-27 17:00:00+00:00,82.38128787059584,17
2022-08-27 18:00:00+00:00,62.36819460159207,18
2022-08-27 19:00:00+00:00,85.24512640377253,19
2022-08-27 20:00:00+00:00,75.01318887180717,20
2022-08-27 21:00:00+00:00,74.38071134004508,21
2022-08-27 22:00:00+00:00,79.17071680506568,22
2022-08-27 23:00:00+00:00,83.81485634336244,23
2022-08-28 00:00:00+00:00,83.46027115782788,0
2022-08-28 01:00:00+00:00,83.49267336063218,1
2022-08-28 02:00:00+00:00,71.65175312645728,2
2022-08-28 03:00:00+00:00,71.45211120202028,3
2022-08-28 04:00:00+00:00,77.17329275252045,4
2022-08-28 05:00:00+00:00,81.68422132298532,5
2022-08-28 06:00:00+00:00,84.15050888093215,6
2022-08-28 07:00:00+00:00,100.0,7
2022-08-28 08:00:00+00:00,96.52996943944086,8
2022-08-28 09:00:00+00:00,96.71286839705657,9
2022-08-28 10:00:00+00:00,96.86831270586603,10
2022-08-28 11:00:00+00:00,96.9994507494597,11
2022-08-28 12:00:00+00:00,90.87122123078049,12
2022-08-28 13:00:00+00:00,63.33022472104105,13
2022-08-28 14:00:00+00:00,62.65001451801982,14
2022-08-28 15:00:00+00:00,128.79217410921026,15
2022-08-28 16:00:00+00:00,180.74732669701476,16
2022-08-28 17:00:00+00:00,228.82554551069424,17
2022-08-28 18:00:00+00:00,259.2534995899705,18
2022-08-28 19:00:00+00:00,324.64089534949943,19
2022-08-28 20:00:00+00:00,404.3210293718605,20
2022-08-28 21:00:00+00:00,386.60069128691765,21
2022-08-28 22:00:00+00:00,280.61326355539364,22
2022-08-28 23:00:00+00:00,222.33241923865629,23
2022-08-29 00:00:00+00:00,181.7154555578374,0
2022-08-29 01:00:00+00:00,71.85768808093354,1
2022-08-29 02:00:00+00:00,75.96277113994154,2
2022-08-29 03:00:00+00:00,100.0,3
2022-08-29 04:00:00+00:00,100.0,4
2022-08-29 05:00:00+00:00,100.0,5
2022-08-29 06:00:00+00:00,100.0,6
2022-08-29 07:00:00+00:00,100.0,7
2022-08-29 08:00:00+00:00,100.0,8
2022-08-29 09:00:00+00:00,100.0,9
2022-08-29 10:00:00+00:00,100.0,10
2022-08-29 11:00:00+00:00,100.0,11
2022-08-29 12:00:00+00:00,81.25987272850787,12
2022-08-29 13:00:00+00:00,56.707188198904014,13
2022-08-29 14:00:00+00:00,15.724963464534342,14
2022-08-29 15:00:00+00:00,103.3410893981632,15
2022-08-29 16:00:00+00:00,152.49665633215707,16
2022-08-29 17:00:00+00:00,193.2753611933912,17
2022-08-29 18:00:00+00:00,234.86149235712136,18
2022-08-29 19:00:00+00:00,371.3985231398536,19
2022-08-29 20:00:00+00:00,398.57983688295866,20
2022-08-29 21:00:00+00:00,308.8470710980745,21
2022-08-29 22:00:00+00:00,274.23875826867175,22
2022-08-29 23:00:00+00:00,295.4641020756875,23
2022-08-30 00:00:00+00:00,275.8155196777006,0
2022-08-30 01:00:00+00:00,441.50904885423233,1
2022-08-30 02:00:00+00:00,455.03237485544776,2
2022-08-30 03:00:00+00:00,477.1123386004043,3
2022-08-30 04:00:00+00:00,465.6528943224997,4
2022-08-30 05:00:00+00:00,361.3943645292317,5
2022-08-30 06:00:00+00:00,311.8796973771129,6
2022-08-30 07:00:00+00:00,249.85942610639756,7
2022-08-30 08:00:00+00:00,214.71904244283522,8
2022-08-30 09:00:00+00:00,150.277074833998,9
2022-08-30 10:00:00+00:00,130.34307147769454,10
2022-08-30 11:00:00+00:00,154.33701030147466,11
2022-08-30 12:00:00+00:00,192.78888427000868,12
2022-08-30 13:00:00+00:00,280.820000666435,13
2022-08-30 14:00:00+00:00,259.4290613132664,14
2022-08-30 15:00:00+00:00,250.6420418119856,15
2022-08-30 16:00:00+00:00,256.9363495602912,16
2022-08-30 17:00:00+00:00,335.2137676766735,17
2022-08-30 18:00:00+00:00,364.26584481295123,18
2022-08-30 19:00:00+00:00,150.8014223356942,19
2022-08-30 20:00:00+00:00,383.6893939401387,20
2022-08-30 21:00:00+00:00,390.98101799525267,21
2022-08-30 22:00:00+00:00,389.7448449763708,22
2022-08-30 23:00:00+00:00,377.0132929717022,23
2022-08-31 00:00:00+00:00,383.6270091175782,0
2022-08-31 01:00:00+00:00,1.967309280644624,1
2022-08-31 02:00:00+00:00,24.60901326068352,2
2022-08-31 03:00:00+00:00,99.37442121709364,3
2022-08-31 04:00:00+00:00,138.01112889931127,4
2022-08-31 05:00:00+00:00,74.30203569398098,5
2022-08-31 06:00:00+00:00,71.15517141784706,6
2022-08-31 07:00:00+00:00,58.700731538235715,7
2022-08-31 08:00:00+00:00,16.61793337812582,8
2022-08-31 09:00:00+00:00,40.57241761619254,9
2022-08-31 10:00:00+00:00,51.69771047147634,10
2022-08-31 11:00:00+00:00,57.155355067030165,11
2022-08-31 12:00:00+00:00,60.115971675470966,12
2022-08-31 13:00:00+00:00,3.5576085620002313,13
2022-08-31 14:00:00+00:00,18.668531880271107,14
2022-08-31 15:00:00+00:00,54.004877084363855,15
2022-08-31 16:00:00+00:00,118.86856038011857,16
2022-08-31 17:00:00+00:00,169.11151487805432,17
2022-08-31 18:00:00+00:00,204.68515751645592,18
2022-08-31 19:00:00+00:00,309.6271931916999,19
2022-08-31 20:00:00+00:00,323.4730247258076,20
2022-08-31 21:00:00+00:00,316.00719415107756,21
2022-08-31 22:00:00+00:00,247.03294065592115,22
2022-08-31 23:00:00+00:00,200.05000833472243,23
2022-09-01 00:00:00+00:00,156.72278850060496,0
2022-09-01 01:00:00+00:00,82.59773138225542,1
2022-09-01 02:00:00+00:00,88.10230235321586,2
2022-09-01 03:00:00+00:00,87.77636243900278,3
2022-09-01 04:00:00+00:00,81.85421677759118,4
2022-09-01 05:00:00+00:00,85.09740213774455,5
2022-09-01 06:00:00+00:00,83.52633264246892,6
2022-09-01 07:00:00+00:00,96.0256122792683,7
2022-09-01 08:00:00+00:00,100.0,8
2022-09-01 09:00:00+00:00,100.0,9
2022-09-01 10:00:00+00:00,93.43533976520509,10
2022-09-01 11:00:00+00:00,87.18909262264683,11
2022-09-01 12:00:00+00:00,77.77012199598265,12
2022-09-01 13:00:00+00:00,5.081739124015199,13
2022-09-01 14:00:00+00:00,93.23970930184862,14
2022-09-01 15:00:00+00:00,166.1770264087268,15
2022-09-01 16:00:00+00:00,237.16848370714126,16
2022-09-01 17:00:00+00:00,276.43452319620894,17
2022-09-01 18:00:00+00:00,299.76215776662303,18
2022-09-01 19:00:00+00:00,356.2659117733815,19
2022-09-01 20:00:00+00:00,326.30360288813506,20
2022-09-01 21:00:00+00:00,355.7032500062329,21
2022-09-01 22:00:00+00:00,383.4064314140127,22
2022-09-01 23:00:00+00:00,365.26992634777065,23
2022-09-02 00:00:00+00:00,340.2425352030247,0
2022-09-02 01:00:00+00:00,360.5295139110981,1
2022-09-02 02:00:00+00:00,401.68749848965416,2
2022-09-02 03:00:00+00:00,425.5099874505929,3
2022-09-02 04:00:00+00:00,415.3005901836333,4
2022-09-02 05:00:00+00:00,369.2331635230652,5
2022-09-02 06:00:00+00:00,335.6974995521354,6
2022-09-02 07:00:00+00:00,147.2321894605628,7
2022-09-02 08:00:00+00:00,172.61866064908048,8
2022-09-02 09:00:00+00:00,108.81616984496682,9
2022-09-02 10:00:00+00:00,72.47903691620202,10
2022-09-02 11:00:00+00:00,125.46797415317133,11
2022-09-02 12:00:00+00:00,152.94303910124648,12
2022-09-02 13:00:00+00:00,165.71327158474176,13
2022-09-02 14:00:00+00:00,238.18839898312518,14
2022-09-02 15:00:00+00:00,273.2697568218229,15
2022-09-02 16:00:00+00:00,271.2549081059023,16
2022-09-02 17:00:00+00:00,304.42423875258027,17
2022-09-02 18:00:00+00:00,331.77611103273307,18
2022-09-02 19:00:00+00:00,100.0,19
2022-09-02 20:00:00+00:00,89.27355605304406,20
2022-09-02 21:00:00+00:00,88.66683011616121,21
2022-09-02 22:00:00+00:00,88.3404370839783,22
2022-09-02 23:00:00+00:00,76.31301170680048,23
2022-09-03 00:00:00+00:00,75.82236449417515,0
2022-09-03 01:00:00+00:00,81.57288527872137,1
2022-09-03 02:00:00+00:00,81.14959409839871,2
2022-09-03 03:00:00+00:00,87.29603250860588,3
2022-09-03 04:00:00+00:00,87.44911006346044,4
2022-09-03 05:00:00+00:00,95.10497543350338,5
2022-09-03 06:00:00+00:00,95.67049524771912,6
2022-09-03 07:00:00+00:00,100.0,7
2022-09-03 08:00:00+00:00,100.0,8
2022-09-03 09:00:00+00:00,100.0,9
2022-09-03 10:00:00+00:00,96.43875087762534,10
2022-09-03 11:00:00+00:00,96.60347988204339,11
2022-09-03 12:00:00+00:00,89.69944467417226,12
2022-09-03 13:00:00+00:00,51.08658967116166,13
2022-09-03 14:00:00+00:00,57.91897006355531,14
2022-09-03 15:00:00+00:00,40.34882951829984,15
2022-09-03 16:00:00+00:00,18.312633382195088,16
2022-09-03 17:00:00+00:00,61.64665254104423,17
2022-09-03 18:00:00+00:00,106.5771440325508,18
2022-09-03 19:00:00+00:00,302.37144316218354,19
2022-09-03 20:00:00+00:00,363.2906640876819,20
2022-09-03 21:00:00+00:00,217.55623077618637,21
2022-09-03 22:00:00+00:00,145.03920905798577,22
2022-09-03 23:00:00+00:00,99.82864693525302,23
2022-09-04 00:00:00+00:00,130.71135327685582,0
2022-09-04 01:00:00+00:00,76.10972801920778,1
2022-09-04 02:00:00+00:00,87.81424399112755,2
2022-09-04 03:00:00+00:00,37.172853814215095,3
2022-09-04 04:00:00+00:00,43.56151898945855,4
2022-09-04 05:00:00+00:00,62.565247603590926,5
2022-09-04 06:00:00+00:00,71.75389545726644,6
2022-09-04 07:00:00+00:00,92.22413465310504,7
2022-09-04 08:00:00+00:00,92.98190207998877,8
2022-09-04 09:00:00+00:00,96.5244488514433,9
2022-09-04 10:00:00+00:00,89.9394893821371,10
2022-09-04 11:00:00+00:00,84.03998855347979,11
2022-09-04 12:00:00+00:00,77.96234604468711,12
2022-09-04 13:00:00+00:00,96.90844690110704,13
2022-09-04 14:00:00+00:00,73.7106382531245,14
2022-09-04 15:00:00+00:00,50.13122019524102,15
2022-09-04 16:00:00+00:00,30.982692357179747,16
2022-09-04 17:00:00+00:00,97.18690024550486,17
2022-09-04 18:00:00+00:00,142.20978112089256,18
2022-09-04 19:00:00+00:00,383.8406106455579,19
2022-09-04 20:00:00+00:00,409.6958160854393,20
2022-09-04 21:00:00+00:00,369.99376398518024,21
2022-09-04 22:00:00+00:00,421.18116620952213,22
2022-09-04 23:00:00+00:00,435.237361732854,23
2022-09-05 00:00:00+00:00,429.5876708851921,0
2022-09-05 01:00:00+00:00,283.7273256879863,1
2022-09-05 02:00:00+00:00,305.46966999982044,2
2022-09-05 03:00:00+00:00,273.8959480681896,3
2022-09-05 04:00:00+00:00,274.0700944022291,4
2022-09-05 05:00:00+00:00,232.7041951544634,5
2022-09-05 06:00:00+00:00,242.5895756622892,6
2022-09-05 07:00:00+00:00,287.381456814231,7
2022-09-05 08:00:00+00:00,273.3483809210453,8
2022-09-05 09:00:00+00:00,145.39273102560009,9
2022-09-05 10:00:00+00:00,107.97504653441665,10
2022-09-05 11:00:00+00:00,88.19786365365373,11
2022-09-05 12:00:00+00:00,132.10428487720313,12
2022-09-05 13:00:00+00:00,295.7888895392788,13
2022-09-05 14:00:00+00:00,275.648452934039,14
2022-09-05 15:00:00+00:00,261.1373540974614,15
2022-09-05 16:00:00+00:00,290.3147592091432,16
2022-09-05 17:00:00+00:00,266.9911071938208,17
2022-09-05 18:00:00+00:00,222.36599887426883,18
2022-09-05 19:00:00+00:00,94.16307947366153,19
2022-09-05 20:00:00+00:00,46.38938462161627,20
2022-09-05 21:00:00+00:00,52.02270285700806,21
2022-09-05 22:00:00+00:00,63.20613182077829,22
2022-09-05 23:00:00+00:00,68.83539750346603,23
2022-09-06 00:00:00+00:00,74.71257416196153,0
2022-09-06 01:00:00+00:00,76.038757310051,1
2022-09-06 02:00:00+00:00,15.496242268970292,2
2022-09-06 03:00:00+00:00,51.815999888228234,3
2022-09-06 04:00:00+00:00,28.018887502391937,4
2022-09-06 05:00:00+00:00,10.76995907050013,5
2022-09-06 06:00:00+00:00,16.781926267245613,6
2022-09-06 07:00:00+00:00,23.515299170969588,7
2022-09-06 08:00:00+00:00,36.49748286232741,8
2022-09-06 09:00:00+00:00,36.15508037720665,9
2022-09-06 10:00:00+00:00,58.89362736783838,10
2022-09-06 11:00:00+00:00,80.61845927878566,11
2022-09-06 12:00:00+00:00,117.68371466572786,12
2022-09-06 13:00:00+00:00,311.1678268381533,13
2022-09-06 14:00:00+00:00,265.4665966042501,14
2022-09-06 15:00:00+00:00,226.70055941494573,15
2022-09-06 16:00:00+00:00,185.60492255950973,16
2022-09-06 17:00:00+00:00,151.30433932787258,17
2022-09-06 18:00:00+00:00,124.64475495341686,18
2022-09-06 19:00:00+00:00,47.1987809137154,19
2022-09-06 20:00:00+00:00,206.8192157700845,20
2022-09-06 21:00:00+00:00,280.9251170478996,21
2022-09-06 22:00:00+00:00,255.89612496617445,22
2022-09-06 23:00:00+00:00,219.79255704770023,23
2022-09-07 00:00:00+00:00,186.22636450558895,0
2022-09-07 01:00:00+00:00,39.718424762063606,1
2022-09-07 02:00:00+00:00,28.176054854341036,2
2022-09-07 03:00:00+00:00,25.262684677604746,3
2022-09-07 04:00:00+00:00,45.823450815932695,4
2022-09-07 05:00:00+00:00,53.09399806434566,5
2022-09-07 06:00:00+00:00,67.74833875148444,6
2022-09-07 07:00:00+00:00,57.51538049437652,7
2022-09-07 08:00:00+00:00,67.64486137036415,8
2022-09-07 09:00:00+00:00,80.96314674615441,9
2022-09-07 10:00:00+00:00,85.17566283626383,10
2022-09-07 11:00:00+00:00,89.14094498392498,11
2022-09-07 12:00:00+00:00,89.12442629082939,12
2022-09-07 13:00:00+00:00,74.18877787058892,13
2022-09-07 14:00:00+00:00,42.25779249134769,14
2022-09-07 15:00:00+00:00,45.4164681244845,15
2022-09-07 16:00:00+00:00,44.418360529995624,16
2022-09-07 17:00:00+00:00,10.811148991112324,17
2022-09-07 18:00:00+00:00,2.6828431951550424,18
2022-09-07 19:00:00+00:00,75.81957534338217,19
2022-09-07 20:00:00+00:00,100.0,20
2022-09-07 21:00:00+00:00,100.0,21
2022-09-07 22:00:00+00:00,100.0,22
2022-09-07 23:00:00+00:00,100.0,23
2022-09-08 00:00:00+00:00,100.0,0
2022-09-08 01:00:00+00:00,100.0,1
2022-09-08 02:00:00+00:00,100.0,2
2022-09-08 03:00:00+00:00,100.0,3
2022-09-08 04:00:00+00:00,100.0,4
2022-09-08 05:00:00+00:00,100.0,5
2022-09-08 06:00:00+00:00,100.0,6
2022-09-08 07:00:00+00:00,100.0,7
2022-09-08 08:00:00+00:00,100.0,8
2022-09-08 09:00:00+00:00,100.0,9
2022-09-08 10:00:00+00:00,100.0,10
2022-09-08 11:00:00+00:00,100.0,11
2022-09-08 12:00:00+00:00,100.0,12
2022-09-08 13:00:00+00:00,100.0,13
2022-09-08 14:00:00+00:00,100.0,14
2022-09-08 15:00:00+00:00,100.0,15
2022-09-08 16:00:00+00:00,100.0,16
2022-09-08 17:00:00+00:00,100.0,17
2022-09-08 18:00:00+00:00,100.0,18
2022-09-08 19:00:00+00:00,100.0,19
2022-09-08 20:00:00+00:00,100.0,20
2022-09-08 21:00:00+00:00,100.0,21
2022-09-08 22:00:00+00:00,93.92430350493767,22
2022-09-08 23:00:00+00:00,93.83354708657197,23
2022-09-09 00:00:00+00:00,93.65774932127347,0
2022-09-09 01:00:00+00:00,73.71195133556431,1
2022-09-09 02:00:00+00:00,86.9654504056026,2
2022-09-09 03:00:00+00:00,86.82680442316388,3
2022-09-09 04:00:00+00:00,93.50747511442263,4
2022-09-09 05:00:00+00:00,94.87947784328728,5
2022-09-09 06:00:00+00:00,95.71005429569782,6
2022-09-09 07:00:00+00:00,83.94012342684309,7
2022-09-09 08:00:00+00:00,88.89378453608813,8
2022-09-09 09:00:00+00:00,86.16809408093556,9
2022-09-09 10:00:00+00:00,86.58484390320004,10
2022-09-09 11:00:00+00:00,87.23250977524269,11
2022-09-09 12:00:00+00:00,90.59894831479359,12
2022-09-09 13:00:00+00:00,113.86363248929518,13
2022-09-09 14:00:00+00:00,154.30217020942266,14
2022-09-09 15:00:00+00:00,124.67408883661024,15
2022-09-09 16:00:00+00:00,111.10056451464357,16
2022-09-09 17:00:00+00:00,98.39052991263969,17
2022-09-09 18:00:00+00:00,86.64992929815287,18
2022-09-09 19:00:00+00:00,100.0,19
2022-09-09 20:00:00+00:00,100.0,20
2022-09-09 21:00:00+00:00,100.0,21
2022-09-09 22:00:00+00:00,100.0,22
2022-09-09 23:00:00+00:00,100.0,23
2022-09-10 00:00:00+00:00,100.0,0
2022-09-10 01:00:00+00:00,100.0,1
2022-09-10 02:00:00+00:00,100.0,2
2022-09-10 03:00:00+00:00,100.0,3
2022-09-10 04:00:00+00:00,100.0,4
2022-09-10 05:00:00+00:00,100.0,5
2022-09-10 06:00:00+00:00,96.1658992394486,6
2022-09-10 07:00:00+00:00,89.06849287614936,7
2022-09-10 08:00:00+00:00,86.5013714606596,8
2022-09-10 09:00:00+00:00,90.56982512736106,9
2022-09-10 10:00:00+00:00,93.79396073769948,10
2022-09-10 11:00:00+00:00,93.98237014982796,11
2022-09-10 12:00:00+00:00,94.09099949414032,12
2022-09-10 13:00:00+00:00,68.93484648871981,13
2022-09-10 14:00:00+00:00,36.729752093444006,14
2022-09-10 15:00:00+00:00,78.82853129052225,15
2022-09-10 16:00:00+00:00,89.81206993464555,16
2022-09-10 17:00:00+00:00,74.50569233510124,17
2022-09-10 18:00:00+00:00,57.47471218580148,18
2022-09-10 19:00:00+00:00,100.0,19
2022-09-10 20:00:00+00:00,100.0,20
2022-09-10 21:00:00+00:00,100.0,21
2022-09-10 22:00:00+00:00,100.0,22
2022-09-10 23:00:00+00:00,100.0,23
2022-09-11 00:00:00+00:00,100.0,0
2022-09-11 01:00:00+00:00,100.0,1
2022-09-11 02:00:00+00:00,94.36043794583088,2
2022-09-11 03:00:00+00:00,94.12426532506669,3
2022-09-11 04:00:00+00:00,88.44451634523163,4
2022-09-11 05:00:00+00:00,95.36546727792033,5
2022-09-11 06:00:00+00:00,96.0422137481621,6
2022-09-11 07:00:00+00:00,85.52225916459092,7
2022-09-11 08:00:00+00:00,93.12786213804235,8
2022-09-11 09:00:00+00:00,96.69038867358336,9
2022-09-11 10:00:00+00:00,96.74099798463315,10
2022-09-11 11:00:00+00:00,90.49612899414039,11
2022-09-11 12:00:00+00:00,84.18092466291924,12
2022-09-11 13:00:00+00:00,27.925423014532434,13
2022-09-11 14:00:00+00:00,105.68363745309676,14
2022-09-11 15:00:00+00:00,140.2987195788741,15
2022-09-11 16:00:00+00:00,199.4313232679449,16
2022-09-11 17:00:00+00:00,228.69856345032002,17
2022-09-11 18:00:00+00:00,184.17915615841372,18
2022-09-11 19:00:00+00:00,82.21091099703692,19
2022-09-11 20:00:00+00:00,76.23132435733066,20
2022-09-11 21:00:00+00:00,73.59713201486798,21
2022-09-11 22:00:00+00:00,76.62021427963276,22
2022-09-11 23:00:00+00:00,83.09101346547143,23
2022-09-12 00:00:00+00:00,82.30338197117713,0
2022-09-12 01:00:00+00:00,100.0,1
2022-09-12 02:00:00+00:00,100.0,2
2022-09-12 03:00:00+00:00,100.0,3
2022-09-12 04:00:00+00:00,100.0,4
2022-09-12 05:00:00+00:00,100.0,5
2022-09-12 06:00:00+00:00,100.0,6
2022-09-12 07:00:00+00:00,100.0,7
2022-09-12 08:00:00+00:00,100.0,8
2022-09-12 09:00:00+00:00,100.0,9
2022-09-12 10:00:00+00:00,100.0,10
2022-09-12 11:00:00+00:00,100.0,11
2022-09-12 12:00:00+00:00,100.0,12
2022-09-12 13:00:00+00:00,96.47703939785558,13
2022-09-12 14:00:00+00:00,96.3460055080313,14
2022-09-12 15:00:00+00:00,88.18757655926942,15
2022-09-12 16:00:00+00:00,76.33859284349698,16
2022-09-12 17:00:00+00:00,66.73162317242252,17
2022-09-12 18:00:00+00:00,14.913217059671455,18
2022-09-12 19:00:00+00:00,127.72723498312457,19
2022-09-12 20:00:00+00:00,70.0974225971784,20
2022-09-12 21:00:00+00:00,2.0893652019465994,21
2022-09-12 22:00:00+00:00,9.992638683663765,22
2022-09-12 23:00:00+00:00,29.311719999010364,23
2022-09-13 00:00:00+00:00,34.47155513961982,0
2022-09-13 01:00:00+00:00,86.8466339440149,1
2022-09-13 02:00:00+00:00,87.24710341865836,2
2022-09-13 03:00:00+00:00,93.54451449961219,3
2022-09-13 04:00:00+00:00,93.34906353706113,4
2022-09-13 05:00:00+00:00,94.36245946725805,5
2022-09-13 06:00:00+00:00,94.87296839236285,6
2022-09-13 07:00:00+00:00,95.55222532545109,7
2022-09-13 08:00:00+00:00,91.71893056613118,8
2022-09-13 09:00:00+00:00,92.14530402091705,9
2022-09-13 10:00:00+00:00,96.16346822472485,10
2022-09-13 11:00:00+00:00,96.33220155261576,11
2022-09-13 12:00:00+00:00,96.29818924693076,12
2022-09-13 13:00:00+00:00,100.0,13
2022-09-13 14:00:00+00:00,100.0,14
2022-09-13 15:00:00+00:00,100.0,15
2022-09-13 16:00:00+00:00,100.0,16
2022-09-13 17:00:00+00:00,100.0,17
2022-09-13 18:00:00+00:00,100.0,18
2022-09-13 19:00:00+00:00,100.0,19
2022-09-13 20:00:00+00:00,100.0,20
2022-09-13 21:00:00+00:00,100.0,21
2022-09-13 22:00:00+00:00,100.0,22
2022-09-13 23:00:00+00:00,100.0,23
2022-09-14 00:00:00+00:00,100.0,0
2022-09-14 01:00:00+00:00,100.0,1
2022-09-14 02:00:00+00:00,100.0,2
2022-09-14 03:00:00+00:00,100.0,3
2022-09-14 04:00:00+00:00,100.0,4
2022-09-14 05:00:00+00:00,100.0,5
2022-09-14 06:00:00+00:00,100.0,6
2022-09-14 07:00:00+00:00,100.0,7
2022-09-14 08:00:00+00:00,95.80558084246587,8
2022-09-14 09:00:00+00:00,96.15342845562846,9
2022-09-14 10:00:00+00:00,89.16662584089553,10
2022-09-14 11:00:00+00:00,89.69899431281476,11
2022-09-14 12:00:00+00:00,89.75535386629815,12
2022-09-14 13:00:00+00:00,86.88627851763148,13
2022-09-14 14:00:00+00:00,90.14293078924568,14
2022-09-14 15:00:00+00:00,89.98114507162785,15
2022-09-14 16:00:00+00:00,86.56473279679345,16
2022-09-14 17:00:00+00:00,84.9303442838661,17
2022-09-14 18:00:00+00:00,89.51034463587871,18
2022-09-14 19:00:00+00:00,100.0,19
2022-09-14 20:00:00+00:00,94.04777434874467,20
2022-09-14 21:00:00+00:00,68.55628312123918,21
2022-09-14 22:00:00+00:00,88.36086802966683,22
2022-09-14 23:00:00+00:00,86.58914924122078,23
2022-09-15 00:00:00+00:00,83.50957993637657,0
2022-09-15 01:00:00+00:00,337.6372248576533,1
2022-09-15 02:00:00+00:00,456.1164911948817,2
2022-09-15 03:00:00+00:00,457.9945382613551,3
2022-09-15 04:00:00+00:00,347.27938646955414,4
2022-09-15 05:00:00+00:00,194.53498989051963,5
2022-09-15 06:00:00+00:00,98.32684263666525,6
2022-09-15 07:00:00+00:00,61.11201741714963,7
2022-09-15 08:00:00+00:00,60.58620024933409,8
2022-09-15 09:00:00+00:00,59.90329565950948,9
2022-09-15 10:00:00+00:00,63.050251042752706,10
2022-09-15 11:00:00+00:00,64.81368528705265,11
2022-09-15 12:00:00+00:00,65.85384754340485,12
2022-09-15 13:00:00+00:00,63.848767715726,13
2022-09-15 14:00:00+00:00,3.4290269622369696,14
2022-09-15 15:00:00+00:00,81.941985068931,15
2022-09-15 16:00:00+00:00,162.83837154857238,16
2022-09-15 17:00:00+00:00,162.95006076479027,17
2022-09-15 18:00:00+00:00,151.264289784036,18
2022-09-15 19:00:00+00:00,17.62704108442984,19
2022-09-15 20:00:00+00:00,19.20793067903342,20
2022-09-15 21:00:00+00:00,5.132510382456177,21
2022-09-15 22:00:00+00:00,19.51873635116014,22
2022-09-15 23:00:00+00:00,27.860037374049867,23
2022-09-16 00:00:00+00:00,20.245431392461597,0
2022-09-16 01:00:00+00:00,257.9116967302713,1
2022-09-16 02:00:00+00:00,202.45295394710178,2
2022-09-16 03:00:00+00:00,212.26095709412,3
2022-09-16 04:00:00+00:00,303.8198412462217,4
2022-09-16 05:00:00+00:00,267.02117898372893,5
2022-09-16 06:00:00+00:00,141.4961329425479,6
2022-09-16 07:00:00+00:00,49.52999810737493,7
2022-09-16 08:00:00+00:00,19.316367582526755,8
2022-09-16 09:00:00+00:00,51.578465443332234,9
2022-09-16 10:00:00+00:00,37.22721893128319,10
2022-09-16 11:00:00+00:00,60.03719601355767,11
2022-09-16 12:00:00+00:00,75.67681322260813,12
2022-09-16 13:00:00+00:00,53.352260230714435,13
2022-09-16 14:00:00+00:00,85.45851620823132,14
2022-09-16 15:00:00+00:00,76.94845674505144,15
2022-09-16 16:00:00+00:00,17.932444126675403,16
2022-09-16 17:00:00+00:00,38.676050500798844,17
2022-09-16 18:00:00+00:00,45.49698942479383,18
2022-09-16 19:00:00+00:00,45.68203075573948,19
2022-09-16 20:00:00+00:00,52.20261121914649,20
2022-09-16 21:00:00+00:00,54.819027615112326,21
2022-09-16 22:00:00+00:00,60.555000997218876,22
2022-09-16 23:00:00+00:00,63.26783346685184,23
2022-09-17 00:00:00+00:00,68.1958991262265,0
2022-09-17 01:00:00+00:00,88.9978105643023,1
2022-09-17 02:00:00+00:00,61.23882559178854,2
2022-09-17 03:00:00+00:00,109.95866084204773,3
2022-09-17 04:00:00+00:00,192.36585854475535,4
2022-09-17 05:00:00+00:00,203.340438729757,5
2022-09-17 06:00:00+00:00,178.15471623751003,6
2022-09-17 07:00:00+00:00,226.05963559073504,7
2022-09-17 08:00:00+00:00,211.67825617656084,8
2022-09-17 09:00:00+00:00,162.36678021656851,9
2022-09-17 10:00:00+00:00,152.68245741510958,10
2022-09-17 11:00:00+00:00,135.34764770026123,11
2022-09-17 12:00:00+00:00,119.10343584111249,12
2022-09-17 13:00:00+00:00,84.97326519740346,13
2022-09-17 14:00:00+00:00,37.262049156807954,14
2022-09-17 15:00:00+00:00,20.43632254866615,15
2022-09-17 16:00:00+00:00,16.339427317014604,16
2022-09-17 17:00:00+00:00,52.336125259563836,17
2022-09-17 18:00:00+00:00,108.22842195158262,18
2022-09-17 19:00:00+00:00,205.48631603141274,19
2022-09-17 20:00:00+00:00,98.61750532908292,20
2022-09-17 21:00:00+00:00,76.54905909944445,21
2022-09-17 22:00:00+00:00,177.49680952471385,22
2022-09-17 23:00:00+00:00,201.8947603692685,23
2022-09-18 00:00:00+00:00,245.34231247327872,0
2022-09-18 01:00:00+00:00,465.80234072428357,1
2022-09-18 02:00:00+00:00,464.81757058080177,2
2022-09-18 03:00:00+00:00,394.4180018162758,3
2022-09-18 04:00:00+00:00,340.2144435673007,4
2022-09-18 05:00:00+00:00,254.2113018003281,5
2022-09-18 06:00:00+00:00,149.54819522066188,6
2022-09-18 07:00:00+00:00,87.13016196691164,7
2022-09-18 08:00:00+00:00,79.73374053202579,8
2022-09-18 09:00:00+00:00,76.9397438710163,9
2022-09-18 10:00:00+00:00,81.71558519635266,10
2022-09-18 11:00:00+00:00,85.70125939136814,11
2022-09-18 12:00:00+00:00,85.33769577612617,12
2022-09-18 13:00:00+00:00,100.0,13
2022-09-18 14:00:00+00:00,100.0,14
2022-09-18 15:00:00+00:00,100.0,15
2022-09-18 16:00:00+00:00,100.0,16
2022-09-18 17:00:00+00:00,100.0,17
2022-09-18 18:00:00+00:00,100.0,18
2022-09-18 19:00:00+00:00,71.0547783495531,19
2022-09-18 20:00:00+00:00,100.0,20
2022-09-18 21:00:00+00:00,100.0,21
2022-09-18 22:00:00+00:00,100.0,22
2022-09-18 23:00:00+00:00,100.0,23
2022-09-19 00:00:00+00:00,100.0,0
2022-09-19 01:00:00+00:00,100.0,1
2022-09-19 02:00:00+00:00,100.0,2
2022-09-19 03:00:00+00:00,100.0,3
2022-09-19 04:00:00+00:00,100.0,4
2022-09-19 05:00:00+00:00,100.0,5
2022-09-19 06:00:00+00:00,100.0,6
2022-09-19 07:00:00+00:00,100.0,7
2022-09-19 08:00:00+00:00,100.0,8
2022-09-19 09:00:00+00:00,100.0,9
2022-09-19 10:00:00+00:00,100.0,10
2022-09-19 11:00:00+00:00,100.0,11
2022-09-19 12:00:00+00:00,100.0,12
2022-09-19 13:00:00+00:00,100.0,13
2022-09-19 14:00:00+00:00,100.0,14
2022-09-19 15:00:00+00:00,100.0,15
2022-09-19 16:00:00+00:00,100.0,16
2022-09-19 17:00:00+00:00,100.0,17
2022-09-19 18:00:00+00:00,100.0,18
2022-09-19 19:00:00+00:00,100.0,19
2022-09-19 20:00:00+00:00,100.0,20
2022-09-19 21:00:00+00:00,91.77986748159964,21
2022-09-19 22:00:00+00:00,82.9014988118679,22
2022-09-19 23:00:00+00:00,74.14565761956197,23
2022-09-20 00:00:00+00:00,81.04486755669859,0
2022-09-20 01:00:00+00:00,47.527920524669014,1
2022-09-20 02:00:00+00:00,77.57474826954144,2
2022-09-20 03:00:00+00:00,81.10180775854889,3
2022-09-20 04:00:00+00:00,91.30181905058195,4
2022-09-20 05:00:00+00:00,92.34940472630824,5
2022-09-20 06:00:00+00:00,93.38820608035996,6
2022-09-20 07:00:00+00:00,72.43572032951076,7
2022-09-20 08:00:00+00:00,84.81247968669157,8
2022-09-20 09:00:00+00:00,86.6040191217208,9
2022-09-20 10:00:00+00:00,87.16097758884443,10
2022-09-20 11:00:00+00:00,87.66767677528932,11
2022-09-20 12:00:00+00:00,83.9850933248668,12
2022-09-20 13:00:00+00:00,204.80245907850602,13
2022-09-20 14:00:00+00:00,297.6850984352495,14
2022-09-20 15:00:00+00:00,332.9369359391775,15
2022-09-20 16:00:00+00:00,404.4939133000456,16
2022-09-20 17:00:00+00:00,434.0937334502205,17
2022-09-20 18:00:00+00:00,468.60144892284774,18
2022-09-20 19:00:00+00:00,535.1470698919012,19
2022-09-20 20:00:00+00:00,594.4447691941493,20
2022-09-20 21:00:00+00:00,603.6135097898292,21
2022-09-20 22:00:00+00:00,585.1398438182317,22
2022-09-20 23:00:00+00:00,570.1459876640431,23
2022-09-21 00:00:00+00:00,617.3038937646365,0
2022-09-21 01:00:00+00:00,693.1060053590172,1
2022-09-21 02:00:00+00:00,650.5454721891315,2
2022-09-21 03:00:00+00:00,648.4634602527419,3
2022-09-21 04:00:00+00:00,645.289829701274,4
2022-09-21 05:00:00+00:00,505.42777495713153,5
2022-09-21 06:00:00+00:00,383.9420658224332,6
2022-09-21 07:00:00+00:00,489.3114446225331,7
2022-09-21 08:00:00+00:00,547.81524309267,8
2022-09-21 09:00:00+00:00,507.998024006422,9
2022-09-21 10:00:00+00:00,367.8227798669758,10
2022-09-21 11:00:00+00:00,324.19929017318776,11
2022-09-21 12:00:00+00:00,260.35969903959136,12
2022-09-21 13:00:00+00:00,5.729193968896638,13
2022-09-21 14:00:00+00:00,110.56361079158977,14
2022-09-21 15:00:00+00:00,234.22246248900765,15
2022-09-21 16:00:00+00:00,383.1886640763519,16
2022-09-21 17:00:00+00:00,461.02331650304944,17
2022-09-21 18:00:00+00:00,543.616627504493,18
2022-09-21 19:00:00+00:00,723.3730354662446,19
2022-09-21 20:00:00+00:00,782.9465561665492,20
2022-09-21 21:00:00+00:00,815.644845171324,21
2022-09-21 22:00:00+00:00,882.5702678986024,22
2022-09-21 23:00:00+00:00,890.927529968456,23
2022-09-22 00:00:00+00:00,992.7508131295393,0
2022-09-22 01:00:00+00:00,796.8504735488508,1
2022-09-22 02:00:00+00:00,740.5436343864208,2
2022-09-22 03:00:00+00:00,521.7072252366572,3
2022-09-22 04:00:00+00:00,385.8986766595817,4
2022-09-22 05:00:00+00:00,235.59293248475458,5
2022-09-22 06:00:00+00:00,235.59293248475458,6
2022-09-22 07:00:00+00:00,235.59293248475458,7
2022-09-22 08:00:00+00:00,235.59293248475458,8
2022-09-22 09:00:00+00:00,235.59293248475458,9
2022-09-22 10:00:00+00:00,235.59293248475458,10
2022-09-22 11:00:00+00:00,235.59293248475458,11
2022-09-22 12:00:00+00:00,235.59293248475458,12
2022-09-22 13:00:00+00:00,235.59293248475458,13
2022-09-22 14:00:00+00:00,235.59293248475458,14
2022-09-22 15:00:00+00:00,235.59293248475458,15
2022-09-22 16:00:00+00:00,235.59293248475458,16
2022-09-22 17:00:00+00:00,235.59293248475458,17
2022-09-22 18:00:00+00:00,235.59293248475458,18
2022-09-22 19:00:00+00:00,235.59293248475458,19
2022-09-22 20:00:00+00:00,235.59293248475458,20
2022-09-22 21:00:00+00:00,87.37404696465649,21
2022-09-22 22:00:00+00:00,76.45519963077044,22
2022-09-22 23:00:00+00:00,59.92220543828508,23
2022-09-23 00:00:00+00:00,6.156243805658155,0
2022-09-23 01:00:00+00:00,9.79411955470831,1
2022-09-23 02:00:00+00:00,4.073942489629524,2
2022-09-23 03:00:00+00:00,6.000122480401992,3
2022-09-23 04:00:00+00:00,4.762391201579179,4
2022-09-23 05:00:00+00:00,9.224179078027838,5
2022-09-23 06:00:00+00:00,22.967222337219685,6
2022-09-23 07:00:00+00:00,22.362712146408356,7
2022-09-23 08:00:00+00:00,22.412533849709153,8
2022-09-23 09:00:00+00:00,23.691611435293012,9
2022-09-23 10:00:00+00:00,22.53359534776413,10
2022-09-23 11:00:00+00:00,20.86430936488918,11
2022-09-23 12:00:00+00:00,18.061095532518053,12
2022-09-23 13:00:00+00:00,18.944662184108285,13
2022-09-23 14:00:00+00:00,22.36561988266635,14
2022-09-23 15:00:00+00:00,7.733092950858755,15
2022-09-23 16:00:00+00:00,14.582666181096709,16
2022-09-23 17:00:00+00:00,17.36516429559765,17
2022-09-23 18:00:00+00:00,18.246455535457248,18
2022-09-23 19:00:00+00:00,16.458000845582216,19
2022-09-23 20:00:00+00:00,21.457249496072205,20
2022-09-23 21:00:00+00:00,23.056024101463862,21
2022-09-23 22:00:00+00:00,33.99128603410722,22
2022-09-23 23:00:00+00:00,29.605239310314147,23
2022-09-24 00:00:00+00:00,10.257504310606258,0
2022-09-24 01:00:00+00:00,21.048975429239036,1
2022-09-24 02:00:00+00:00,30.389768596630557,2
2022-09-24 03:00:00+00:00,40.72886308275132,3
2022-09-24 04:00:00+00:00,44.69693180974831,4
2022-09-24 05:00:00+00:00,2.583481591976821,5
2022-09-24 06:00:00+00:00,27.63655616018727,6
2022-09-24 07:00:00+00:00,21.327850869916006,7
2022-09-24 08:00:00+00:00,19.940665100224404,8
2022-09-24 09:00:00+00:00,18.11877814813218,9
2022-09-24 10:00:00+00:00,19.14819646222295,10
2022-09-24 11:00:00+00:00,17.125267403693837,11
2022-09-24 12:00:00+00:00,15.987571734901099,12
2022-09-24 13:00:00+00:00,17.43471740985494,13
2022-09-24 14:00:00+00:00,14.679758273725104,14
2022-09-24 15:00:00+00:00,9.933334584259237,15
2022-09-24 16:00:00+00:00,9.428820536161078,16
2022-09-24 17:00:00+00:00,17.539829797231405,17
2022-09-24 18:00:00+00:00,25.952907927135456,18
2022-09-24 19:00:00+00:00,27.57694676669707,19
2022-09-24 20:00:00+00:00,30.43624254709159,20
2022-09-24 21:00:00+00:00,27.77258001399409,21
2022-09-24 22:00:00+00:00,23.017801579573835,22
2022-09-24 23:00:00+00:00,24.326729284683413,23
2022-09-25 00:00:00+00:00,19.169201430331736,0
2022-09-25 01:00:00+00:00,6.7463538723978616,1
2022-09-25 02:00:00+00:00,11.617313950902206,2
2022-09-25 03:00:00+00:00,36.675516229385025,3
2022-09-25 04:00:00+00:00,44.97167367199722,4
2022-09-25 05:00:00+00:00,7.606062288588787,5
2022-09-25 06:00:00+00:00,18.715203978687303,6
2022-09-25 07:00:00+00:00,14.067413157186131,7
2022-09-25 08:00:00+00:00,14.087398964353321,8
2022-09-25 09:00:00+00:00,15.914064346957096,9
2022-09-25 10:00:00+00:00,13.865893460720894,10
2022-09-25 11:00:00+00:00,13.270398107641936,11
2022-09-25 12:00:00+00:00,11.3028531808399,12
2022-09-25 13:00:00+00:00,11.37757317298027,13
2022-09-25 14:00:00+00:00,4.875464667341538,14
2022-09-25 15:00:00+00:00,3.1235073060985066,15
2022-09-25 16:00:00+00:00,7.918292707166942,16
2022-09-25 17:00:00+00:00,11.938734552354843,17
2022-09-25 18:00:00+00:00,18.237837244137577,18
2022-09-25 19:00:00+00:00,20.132525463615096,19
2022-09-25 20:00:00+00:00,23.34470259522933,20
2022-09-25 21:00:00+00:00,19.96652737219877,21
2022-09-25 22:00:00+00:00,17.67930040411339,22
2022-09-25 23:00:00+00:00,16.651190134964,23
2022-09-26 00:00:00+00:00,0.13797383321634601,0
2022-09-26 01:00:00+00:00,0.9780419861529176,1
2022-09-26 02:00:00+00:00,5.54225588760445,2
2022-09-26 03:00:00+00:00,7.4545296661338165,3
2022-09-26 04:00:00+00:00,8.475319604887407,4
2022-09-26 05:00:00+00:00,6.690351861094573,5
2022-09-26 06:00:00+00:00,16.477508477227733,6
2022-09-26 07:00:00+00:00,6.882679065350117,7
2022-09-26 08:00:00+00:00,15.062207904458269,8
2022-09-26 09:00:00+00:00,12.84195527724415,9
2022-09-26 10:00:00+00:00,16.085360066780023,10
2022-09-26 11:00:00+00:00,12.224207030630598,11
2022-09-26 12:00:00+00:00,5.227391719904758,12
2022-09-26 13:00:00+00:00,2.9062232144609412,13
2022-09-26 14:00:00+00:00,5.4353691481868704,14
2022-09-26 15:00:00+00:00,4.267357428590712,15
2022-09-26 16:00:00+00:00,0.207136611349453,16
2022-09-26 17:00:00+00:00,9.761230207784015,17
2022-09-26 18:00:00+00:00,11.031393815046766,18
2022-09-26 19:00:00+00:00,5.957644513941992,19
2022-09-26 20:00:00+00:00,4.688876377746407,20
2022-09-26 21:00:00+00:00,0.5564921259721618,21
2022-09-26 22:00:00+00:00,4.350811791828126,22
2022-09-26 23:00:00+00:00,5.3801952216519275,23
2022-09-27 00:00:00+00:00,1.5494633681528223,0
2022-09-27 01:00:00+00:00,6.612384773387321,1
2022-09-27 02:00:00+00:00,7.585026459779097,2
2022-09-27 03:00:00+00:00,12.88511217064909,3
2022-09-27 04:00:00+00:00,15.139244358839415,4
2022-09-27 05:00:00+00:00,20.988782147478364,5
2022-09-27 06:00:00+00:00,32.77199771446325,6
2022-09-27 07:00:00+00:00,35.75995382164797,7
2022-09-27 08:00:00+00:00,36.394118795293004,8
2022-09-27 09:00:00+00:00,40.64411966630203,9
2022-09-27 10:00:00+00:00,36.63930249688496,10
2022-09-27 11:00:00+00:00,32.0280269792417,11
2022-09-27 12:00:00+00:00,23.093484946548205,12
2022-09-27 13:00:00+00:00,20.119622782174208,13
2022-09-27 14:00:00+00:00,26.740536108808854,14
2022-09-27 15:00:00+00:00,13.651850955359478,15
2022-09-27 16:00:00+00:00,6.91892069408717,16
2022-09-27 17:00:00+00:00,5.193779513683107,17
2022-09-27 18:00:00+00:00,3.805851909763004,18
2022-09-27 19:00:00+00:00,7.050501660091253,19
2022-09-27 20:00:00+00:00,17.66636581793111,20
2022-09-27 21:00:00+00:00,4.088530520683005,21
2022-09-27 22:00:00+00:00,1.98846109264404,22
2022-09-27 23:00:00+00:00,6.825196949580626,23
2022-09-28 00:00:00+00:00,11.123310678334821,0
2022-09-28 01:00:00+00:00,17.040770898105883,1
2022-09-28 02:00:00+00:00,9.26603212103315,2
2022-09-28 03:00:00+00:00,5.497529644205687,3
2022-09-28 04:00:00+00:00,7.124929694989477,4
2022-09-28 05:00:00+00:00,14.6390573735262,5
2022-09-28 06:00:00+00:00,28.1974198079034,6
2022-09-28 07:00:00+00:00,24.706925196155684,7
2022-09-28 08:00:00+00:00,22.701465679517863,8
2022-09-28 09:00:00+00:00,20.736341330907152,9
2022-09-28 10:00:00+00:00,15.29223439468454,10
2022-09-28 11:00:00+00:00,7.33348625231194,11
2022-09-28 12:00:00+00:00,0.3157353777563476,12
2022-09-28 13:00:00+00:00,3.285629231536344,13
2022-09-28 14:00:00+00:00,0.2567984998287792,14
2022-09-28 15:00:00+00:00,0.21331146548749033,15
2022-09-28 16:00:00+00:00,2.0798844060364083,16
2022-09-28 17:00:00+00:00,7.2856574037206,17
2022-09-28 18:00:00+00:00,5.329382960477725,18
2022-09-28 19:00:00+00:00,4.9414794805652695,19
2022-09-28 20:00:00+00:00,6.029411593887539,20
2022-09-28 21:00:00+00:00,1.6873356892493716,21
2022-09-28 22:00:00+00:00,5.374522896135568,22
2022-09-28 23:00:00+00:00,4.873048974578569,23
2022-09-29 00:00:00+00:00,4.873048974578569,0
2022-09-29 01:00:00+00:00,4.873048974578569,1
2022-09-29 02:00:00+00:00,4.873048974578569,2
2022-09-29 03:00:00+00:00,4.873048974578569,3
2022-09-29 04:00:00+00:00,4.873048974578569,4
2022-09-29 05:00:00+00:00,4.873048974578569,5
2022-09-29 06:00:00+00:00,4.873048974578569,6
2022-09-29 07:00:00+00:00,4.873048974578569,7
2022-09-29 08:00:00+00:00,4.873048974578569,8
2022-09-29 09:00:00+00:00,4.873048974578569,9
2022-09-29 10:00:00+00:00,4.873048974578569,10
2022-09-29 11:00:00+00:00,4.873048974578569,11
2022-09-29 12:00:00+00:00,4.873048974578569,12
2022-09-29 13:00:00+00:00,4.873048974578569,13
2022-09-29 14:00:00+00:00,4.873048974578569,14
2022-09-29 15:00:00+00:00,4.873048974578569,15
2022-09-29 16:00:00+00:00,4.873048974578569,16
2022-09-29 17:00:00+00:00,4.873048974578569,17
2022-09-29 18:00:00+00:00,4.873048974578569,18
2022-09-29 19:00:00+00:00,4.873048974578569,19
2022-09-29 20:00:00+00:00,4.873048974578569,20
2022-09-29 21:00:00+00:00,2.220855459710394,21
2022-09-29 22:00:00+00:00,8.335459090140828,22
2022-09-29 23:00:00+00:00,5.895811700724048,23
2022-09-30 00:00:00+00:00,0.9808214314588184,0
2022-09-30 01:00:00+00:00,3.362214103793473,1
2022-09-30 02:00:00+00:00,5.087036629032574,2
2022-09-30 03:00:00+00:00,2.872504668097487,3
2022-09-30 04:00:00+00:00,2.449027343572274,4
2022-09-30 05:00:00+00:00,13.743338511704836,5
2022-09-30 06:00:00+00:00,27.38318974339889,6
2022-09-30 07:00:00+00:00,25.43638622143338,7
2022-09-30 08:00:00+00:00,20.971905698529948,8
2022-09-30 09:00:00+00:00,17.43795416387611,9
2022-09-30 10:00:00+00:00,16.779678719123293,10
2022-09-30 11:00:00+00:00,17.07836111445754,11
2022-09-30 12:00:00+00:00,15.128680809044576,12
2022-09-30 13:00:00+00:00,13.802731204040967,13
2022-09-30 14:00:00+00:00,16.163707241942657,14
2022-09-30 15:00:00+00:00,5.942290952954953,15
2022-09-30 16:00:00+00:00,3.9506007084024053,16
2022-09-30 17:00:00+00:00,8.550626547279952,17
2022-09-30 18:00:00+00:00,12.709523222591573,18
2022-09-30 19:00:00+00:00,14.845382630029189,19
2022-09-30 20:00:00+00:00,17.031141321964036,20
2022-09-30 21:00:00+00:00,12.839300164378109,21
2022-09-30 22:00:00+00:00,12.551339074667926,22
2022-09-30 23:00:00+00:00,12.894402418767545,23
2022-10-01 00:00:00+00:00,1.7670853294706923,0
2022-10-01 01:00:00+00:00,3.9304828946172266,1
2022-10-01 02:00:00+00:00,0.3416756292464929,2
2022-10-01 03:00:00+00:00,4.800116458477671,3
2022-10-01 04:00:00+00:00,1.2932946526145799,4
2022-10-01 05:00:00+00:00,0.2974498649885746,5
2022-10-01 06:00:00+00:00,11.924142762285292,6
2022-10-01 07:00:00+00:00,0.8039355159456665,7
2022-10-01 08:00:00+00:00,3.0313782875651283,8
2022-10-01 09:00:00+00:00,10.88260823083664,9
2022-10-01 10:00:00+00:00,5.310251086668312,10
2022-10-01 11:00:00+00:00,3.8916710232203693,11
2022-10-01 12:00:00+00:00,0.3785804681158081,12
2022-10-01 13:00:00+00:00,2.148540595491784,13
2022-10-01 14:00:00+00:00,4.855095331884973,14
2022-10-01 15:00:00+00:00,10.64042656674791,15
2022-10-01 16:00:00+00:00,6.8433574112150595,16
2022-10-01 17:00:00+00:00,7.676671651514826,17
2022-10-01 18:00:00+00:00,10.197861373991692,18
2022-10-01 19:00:00+00:00,14.644080868508441,19
2022-10-01 20:00:00+00:00,16.029357822131118,20
2022-10-01 21:00:00+00:00,13.888253048776692,21
2022-10-01 22:00:00+00:00,16.175935267749246,22
2022-10-01 23:00:00+00:00,2.755115627401957,23
2022-10-02 00:00:00+00:00,4.534448272365455,0
2022-10-02 01:00:00+00:00,2.8181357130800753,1
2022-10-02 02:00:00+00:00,4.576351788527873,2
2022-10-02 03:00:00+00:00,6.311625407482296,3
2022-10-02 04:00:00+00:00,5.1496586659052594,4
2022-10-02 05:00:00+00:00,15.066027020382123,5
2022-10-02 06:00:00+00:00,22.451197669825458,6
2022-10-02 07:00:00+00:00,17.54270243058439,7
2022-10-02 08:00:00+00:00,16.283352563381595,8
2022-10-02 09:00:00+00:00,15.16584691259377,9
2022-10-02 10:00:00+00:00,13.18701168891297,10
2022-10-02 11:00:00+00:00,12.510974214241902,11
2022-10-02 12:00:00+00:00,11.888722630103793,12
2022-10-02 13:00:00+00:00,12.620807111069638,13
2022-10-02 14:00:00+00:00,13.234355955594545,14
2022-10-02 15:00:00+00:00,3.970260216704701,15
2022-10-02 16:00:00+00:00,4.606049474863816,16
2022-10-02 17:00:00+00:00,4.0716928145760845,17
2022-10-02 18:00:00+00:00,8.342678315295341,18
2022-10-02 19:00:00+00:00,15.936733188248608,19
2022-10-02 20:00:00+00:00,19.468810883437655,20
2022-10-02 21:00:00+00:00,22.318564671483966,21
2022-10-02 22:00:00+00:00,22.56994438571762,22
2022-10-02 23:00:00+00:00,18.343737742104697,23
2022-10-03 00:00:00+00:00,14.245731949880883,0
2022-10-03 01:00:00+00:00,21.012369163173048,1
2022-10-03 02:00:00+00:00,28.32290709713169,2
2022-10-03 03:00:00+00:00,29.944127210204698,3
2022-10-03 04:00:00+00:00,31.385595036430807,4
2022-10-03 05:00:00+00:00,11.042905289176952,5
2022-10-03 06:00:00+00:00,15.79118125580761,6
2022-10-03 07:00:00+00:00,11.317257204452103,7
2022-10-03 08:00:00+00:00,9.959497562568405,8
2022-10-03 09:00:00+00:00,13.87362357771416,9
2022-10-03 10:00:00+00:00,11.995839896422329,10
2022-10-03 11:00:00+00:00,10.035276530491869,11
2022-10-03 12:00:00+00:00,10.36209938400301,12
2022-10-03 13:00:00+00:00,3.824829879639772,13
2022-10-03 14:00:00+00:00,4.77332615021715,14
2022-10-03 15:00:00+00:00,1.6897983859123211,15
2022-10-03 16:00:00+00:00,7.059405546991307,16
2022-10-03 17:00:00+00:00,5.098889457072238,17
2022-10-03 18:00:00+00:00,1.0897100287197632,18
2022-10-03 19:00:00+00:00,0.0991471903870698,19
2022-10-03 20:00:00+00:00,9.565180681645037,20
2022-10-03 21:00:00+00:00,11.088176818776267,21
2022-10-03 22:00:00+00:00,9.218741134642704,22
2022-10-03 23:00:00+00:00,8.357385130722392,23
2022-10-04 00:00:00+00:00,7.314289217367717,0
2022-10-04 01:00:00+00:00,12.245665014808074,1
2022-10-04 02:00:00+00:00,22.707482102730474,2
2022-10-04 03:00:00+00:00,24.751444110289896,3
2022-10-04 04:00:00+00:00,18.943431080382485,4
2022-10-04 05:00:00+00:00,23.60410261224681,5
2022-10-04 06:00:00+00:00,28.362832572322887,6
2022-10-04 07:00:00+00:00,24.86339136176682,7
2022-10-04 08:00:00+00:00,24.509323774575957,8
2022-10-04 09:00:00+00:00,22.65539693452501,9
2022-10-04 10:00:00+00:00,19.585497802832457,10
2022-10-04 11:00:00+00:00,16.851623843107337,11
2022-10-04 12:00:00+00:00,15.87095475065555,12
2022-10-04 13:00:00+00:00,17.509895260672245,13
2022-10-04 14:00:00+00:00,13.875475859283725,14
2022-10-04 15:00:00+00:00,2.494623917005729,15
2022-10-04 16:00:00+00:00,0.0571877842777297,16
2022-10-04 17:00:00+00:00,7.481589865119149,17
2022-10-04 18:00:00+00:00,3.0776405861102516,18
2022-10-04 19:00:00+00:00,3.213746350784813,19
2022-10-04 20:00:00+00:00,2.4530507217063557,20
2022-10-04 21:00:00+00:00,4.53380490251656,21
2022-10-04 22:00:00+00:00,0.3602209232911379,22
2022-10-04 23:00:00+00:00,4.065140415466879,23
2022-10-05 00:00:00+00:00,4.179300517136416,0
2022-10-05 01:00:00+00:00,12.509602738513637,1
2022-10-05 02:00:00+00:00,22.618302059606528,2
2022-10-05 03:00:00+00:00,28.237210742426562,3
2022-10-05 04:00:00+00:00,31.37660689930749,4
2022-10-05 05:00:00+00:00,38.63363427350649,5
2022-10-05 06:00:00+00:00,34.763190046688635,6
2022-10-05 07:00:00+00:00,28.327976470892413,7
2022-10-05 08:00:00+00:00,27.039165401066708,8
2022-10-05 09:00:00+00:00,25.93804024016743,9
2022-10-05 10:00:00+00:00,24.87250658224496,10
2022-10-05 11:00:00+00:00,21.388582581818984,11
2022-10-05 12:00:00+00:00,14.836051469474597,12
2022-10-05 13:00:00+00:00,17.33213591468,13
2022-10-05 14:00:00+00:00,18.56231487673296,14
2022-10-05 15:00:00+00:00,5.133489181579504,15
2022-10-05 16:00:00+00:00,3.3896022509550296,16
2022-10-05 17:00:00+00:00,3.7078154804198444,17
2022-10-05 18:00:00+00:00,7.137044198055091,18
2022-10-05 19:00:00+00:00,1.728080036826081,19
2022-10-05 20:00:00+00:00,7.0079921635202975,20
2022-10-05 21:00:00+00:00,9.096830117107501,21
2022-10-05 22:00:00+00:00,26.53117415089422,22
2022-10-05 23:00:00+00:00,36.82389331122681,23
2022-10-06 00:00:00+00:00,42.2876261897226,0
2022-10-06 01:00:00+00:00,43.73175451923828,1
2022-10-06 02:00:00+00:00,26.603320201530146,2
2022-10-06 03:00:00+00:00,20.646300103729686,3
2022-10-06 04:00:00+00:00,23.132605813543826,4
2022-10-06 05:00:00+00:00,0.43892370771576716,5
2022-10-06 06:00:00+00:00,19.086410281458257,6
2022-10-06 07:00:00+00:00,19.073213070531814,7
2022-10-06 08:00:00+00:00,17.43491081535588,8
2022-10-06 09:00:00+00:00,18.42126593629857,9
2022-10-06 10:00:00+00:00,16.48310585620494,10
2022-10-06 11:00:00+00:00,16.44124049709088,11
2022-10-06 12:00:00+00:00,18.07157676180376,12
2022-10-06 13:00:00+00:00,15.67640418991407,13
2022-10-06 14:00:00+00:00,8.098069051325577,14
2022-10-06 15:00:00+00:00,4.276416929972235,15
2022-10-06 16:00:00+00:00,13.897423139149437,16
2022-10-06 17:00:00+00:00,15.74883925024164,17
2022-10-06 18:00:00+00:00,14.04040569546623,18
2022-10-06 19:00:00+00:00,18.823011819450674,19
2022-10-06 20:00:00+00:00,16.093869931107225,20
2022-10-06 21:00:00+00:00,4.080707303460442,21
2022-10-06 22:00:00+00:00,2.900725433128235,22
2022-10-06 23:00:00+00:00,7.2365918468477854,23
2022-10-07 00:00:00+00:00,12.169066565930867,0
2022-10-07 01:00:00+00:00,23.4276755769676,1
2022-10-07 02:00:00+00:00,20.78748770645302,2
2022-10-07 03:00:00+00:00,22.112753972433588,3
2022-10-07 04:00:00+00:00,12.444450384599328,4
2022-10-07 05:00:00+00:00,3.685034787493703,5
2022-10-07 06:00:00+00:00,27.864177116039933,6
2022-10-07 07:00:00+00:00,22.70896318056374,7
2022-10-07 08:00:00+00:00,19.49943736165898,8
2022-10-07 09:00:00+00:00,18.16262430364312,9
2022-10-07 10:00:00+00:00,19.049945943263868,10
2022-10-07 11:00:00+00:00,17.981064807432922,11
2022-10-07 12:00:00+00:00,16.700067122844462,12
2022-10-07 13:00:00+00:00,14.884682276229341,13
2022-10-07 14:00:00+00:00,12.487630065876134,14
2022-10-07 15:00:00+00:00,3.21234279970977,15
2022-10-07 16:00:00+00:00,5.346895494858612,16
2022-10-07 17:00:00+00:00,13.903356831916422,17
2022-10-07 18:00:00+00:00,16.779000375875974,18
2022-10-07 19:00:00+00:00,15.167286740188088,19
2022-10-07 20:00:00+00:00,15.652444274700764,20
2022-10-07 21:00:00+00:00,1.2384781850155662,21
2022-10-07 22:00:00+00:00,5.477421608517051,22
2022-10-07 23:00:00+00:00,14.149382287306562,23
2022-10-08 00:00:00+00:00,28.31488871223199,0
2022-10-08 01:00:00+00:00,28.70355023664394,1
2022-10-08 02:00:00+00:00,28.731182705970422,2
2022-10-08 03:00:00+00:00,48.61175401311826,3
2022-10-08 04:00:00+00:00,43.3531784330951,4
2022-10-08 05:00:00+00:00,13.44136100863397,5
2022-10-08 06:00:00+00:00,20.70704001564424,6
2022-10-08 07:00:00+00:00,17.370245716306663,7
2022-10-08 08:00:00+00:00,13.955832311789324,8
2022-10-08 09:00:00+00:00,13.635341990788977,9
2022-10-08 10:00:00+00:00,15.58594102282044,10
2022-10-08 11:00:00+00:00,15.455992825713919,11
2022-10-08 12:00:00+00:00,15.403479884139706,12
2022-10-08 13:00:00+00:00,16.03194292609218,13
2022-10-08 14:00:00+00:00,12.806672324855937,14
2022-10-08 15:00:00+00:00,2.9539507260786793,15
2022-10-08 16:00:00+00:00,11.264128612249896,16
2022-10-08 17:00:00+00:00,15.277753041124207,17
2022-10-08 18:00:00+00:00,23.750732461894728,18
2022-10-08 19:00:00+00:00,27.790630257755787,19
2022-10-08 20:00:00+00:00,26.682466599229283,20
2022-10-08 21:00:00+00:00,20.92422616717784,21
2022-10-08 22:00:00+00:00,14.011879593834703,22
2022-10-08 23:00:00+00:00,1.428021975665771,23
2022-10-09 00:00:00+00:00,18.778104589642513,0
2022-10-09 01:00:00+00:00,27.415295308886755,1
2022-10-09 02:00:00+00:00,30.964112605157485,2
2022-10-09 03:00:00+00:00,37.15795270807022,3
2022-10-09 04:00:00+00:00,29.75044504349299,4
2022-10-09 05:00:00+00:00,14.738755282210834,5
2022-10-09 06:00:00+00:00,15.10428570729197,6
2022-10-09 07:00:00+00:00,14.247846464802732,7
2022-10-09 08:00:00+00:00,9.914423355368225,8
2022-10-09 09:00:00+00:00,10.1835763166982,9
2022-10-09 10:00:00+00:00,12.616555602360444,10
2022-10-09 11:00:00+00:00,13.184374915158864,11
2022-10-09 12:00:00+00:00,13.279523339821614,12
2022-10-09 13:00:00+00:00,15.601555011482684,13
2022-10-09 14:00:00+00:00,12.332389857526126,14
2022-10-09 15:00:00+00:00,1.064687471959273,15
2022-10-09 16:00:00+00:00,9.152249930235989,16
2022-10-09 17:00:00+00:00,7.072027192284726,17
2022-10-09 18:00:00+00:00,6.882902427814256,18
2022-10-09 19:00:00+00:00,5.918496853798908,19
2022-10-09 20:00:00+00:00,20.559784667469362,20
2022-10-09 21:00:00+00:00,13.431291838650141,21
2022-10-09 22:00:00+00:00,16.24544096145503,22
2022-10-09 23:00:00+00:00,14.158640134678688,23
2022-10-10 00:00:00+00:00,25.322734543821717,0
2022-10-10 01:00:00+00:00,29.107243392821537,1
2022-10-10 02:00:00+00:00,22.999150807961797,2
2022-10-10 03:00:00+00:00,25.092405622352913,3
2022-10-10 04:00:00+00:00,26.482792138138716,4
2022-10-10 05:00:00+00:00,14.213064610303002,5
2022-10-10 06:00:00+00:00,21.075468106471213,6
2022-10-10 07:00:00+00:00,12.27904190291287,7
2022-10-10 08:00:00+00:00,16.19579351138608,8
2022-10-10 09:00:00+00:00,19.28113701885722,9
2022-10-10 10:00:00+00:00,13.339339657639496,10
2022-10-10 11:00:00+00:00,17.25473236125225,11
2022-10-10 12:00:00+00:00,11.830793496140588,12
2022-10-10 13:00:00+00:00,13.081199093325496,13
2022-10-10 14:00:00+00:00,11.949461759935062,14
2022-10-10 15:00:00+00:00,3.978332350923878,15
2022-10-10 16:00:00+00:00,8.483935570721563,16
2022-10-10 17:00:00+00:00,11.364535717565209,17
2022-10-10 18:00:00+00:00,8.161005382297658,18
2022-10-10 19:00:00+00:00,7.562854591724894,19
2022-10-10 20:00:00+00:00,0.4973584156421993,20
2022-10-10 21:00:00+00:00,10.574907840062792,21
2022-10-10 22:00:00+00:00,8.803751580266752,22
2022-10-10 23:00:00+00:00,5.7364383911661525,23
2022-10-11 00:00:00+00:00,2.951862097072911,0
2022-10-11 01:00:00+00:00,2.1820519207371736,1
2022-10-11 02:00:00+00:00,3.4125341396490394,2
2022-10-11 03:00:00+00:00,5.099442416207908,3
2022-10-11 04:00:00+00:00,2.472898170878393,4
2022-10-11 05:00:00+00:00,2.365739769298346,5
2022-10-11 06:00:00+00:00,5.022673134957454,6
2022-10-11 07:00:00+00:00,13.150073343335958,7
2022-10-11 08:00:00+00:00,13.29411520136211,8
2022-10-11 09:00:00+00:00,6.708956312899413,9
2022-10-11 10:00:00+00:00,18.747786485302623,10
2022-10-11 11:00:00+00:00,7.994396005249849,11
2022-10-11 12:00:00+00:00,6.765828792824857,12
2022-10-11 13:00:00+00:00,9.4516503238121,13
2022-10-11 14:00:00+00:00,2.194972027917608,14
2022-10-11 15:00:00+00:00,1.998641128732947,15
2022-10-11 16:00:00+00:00,2.1902732578183577,16
2022-10-11 17:00:00+00:00,0.21390887071183104,17
2022-10-11 18:00:00+00:00,1.374115652836416,18
2022-10-11 19:00:00+00:00,6.617084290040267,19
2022-10-11 20:00:00+00:00,6.414022241274488,20
2022-10-11 21:00:00+00:00,6.488650944338543,21
2022-10-11 22:00:00+00:00,5.359685654577228,22
2022-10-11 23:00:00+00:00,3.9143792632624232,23
2022-10-12 00:00:00+00:00,1.5706911479657983,0
2022-10-12 01:00:00+00:00,1.7683657810273974,1
2022-10-12 02:00:00+00:00,2.5263155057525437,2
2022-10-12 03:00:00+00:00,3.4290892634419485,3
2022-10-12 04:00:00+00:00,3.5540696287684908,4
2022-10-12 05:00:00+00:00,5.8847377623010395,5
2022-10-12 06:00:00+00:00,8.456672874803292,6
2022-10-12 07:00:00+00:00,12.871449932942468,7
2022-10-12 08:00:00+00:00,17.149409750189616,8
2022-10-12 09:00:00+00:00,21.338806441427213,9
2022-10-12 10:00:00+00:00,19.32475946918202,10
2022-10-12 11:00:00+00:00,16.592853892541033,11
2022-10-12 12:00:00+00:00,6.9038075629125935,12
2022-10-12 13:00:00+00:00,1.3101772460203907,13
2022-10-12 14:00:00+00:00,1.9222200323315952,14
2022-10-12 15:00:00+00:00,0.3928406851900732,15
2022-10-12 16:00:00+00:00,2.1980045852623626,16
2022-10-12 17:00:00+00:00,2.589905160535776,17
2022-10-12 18:00:00+00:00,3.3971580148283747,18
2022-10-12 19:00:00+00:00,1.9416861351300885,19
2022-10-12 20:00:00+00:00,1.7605384745027164,20
2022-10-12 21:00:00+00:00,3.297950940860392,21
2022-10-12 22:00:00+00:00,3.2893651258391046,22
2022-10-12 23:00:00+00:00,0.44341885140970483,23
2022-10-13 00:00:00+00:00,0.19603426767400098,0
2022-10-13 01:00:00+00:00,1.4788863094322209,1
2022-10-13 02:00:00+00:00,2.1231751165841892,2
2022-10-13 03:00:00+00:00,2.769054776831309,3
2022-10-13 04:00:00+00:00,3.017441900770565,4
2022-10-13 05:00:00+00:00,4.784003522397516,5
2022-10-13 06:00:00+00:00,10.04211986356281,6
2022-10-13 07:00:00+00:00,15.073958643913734,7
2022-10-13 08:00:00+00:00,12.800005848423476,8
2022-10-13 09:00:00+00:00,9.68412021043601,9
2022-10-13 10:00:00+00:00,9.720745630978476,10
2022-10-13 11:00:00+00:00,8.206462989691353,11
2022-10-13 12:00:00+00:00,11.437093229868186,12
2022-10-13 13:00:00+00:00,4.167586371522127,13
2022-10-13 14:00:00+00:00,0.8396661876662878,14
2022-10-13 15:00:00+00:00,1.7664485834058712,15
2022-10-13 16:00:00+00:00,3.975443885597159,16
2022-10-13 17:00:00+00:00,6.935376521816716,17
2022-10-13 18:00:00+00:00,9.729522324748913,18
2022-10-13 19:00:00+00:00,8.313897431307286,19
2022-10-13 20:00:00+00:00,5.840216218493263,20
2022-10-13 21:00:00+00:00,4.739875576873504,21
2022-10-13 22:00:00+00:00,5.272724417029801,22
2022-10-13 23:00:00+00:00,6.0262159636212145,23
2022-10-14 00:00:00+00:00,12.924437303547801,0
2022-10-14 01:00:00+00:00,10.373714075478645,1
2022-10-14 02:00:00+00:00,1.8601930557004827,2
2022-10-14 03:00:00+00:00,5.125437493793657,3
2022-10-14 04:00:00+00:00,4.880153036449027,4
2022-10-14 05:00:00+00:00,2.953384830844328,5
2022-10-14 06:00:00+00:00,0.8622512823510684,6
2022-10-14 07:00:00+00:00,2.0578494107350727,7
2022-10-14 08:00:00+00:00,5.583209517452263,8
2022-10-14 09:00:00+00:00,11.798229218273299,9
2022-10-14 10:00:00+00:00,15.48067214506629,10
2022-10-14 11:00:00+00:00,18.663995574571295,11
2022-10-14 12:00:00+00:00,19.559330244818966,12
2022-10-14 13:00:00+00:00,17.479544364182075,13
2022-10-14 14:00:00+00:00,14.47769377294531,14
2022-10-14 15:00:00+00:00,5.826343777926493,15
2022-10-14 16:00:00+00:00,3.1262158921823033,16
2022-10-14 17:00:00+00:00,7.38556075376011,17
2022-10-14 18:00:00+00:00,11.188174690094616,18
2022-10-14 19:00:00+00:00,8.766760218531553,19
2022-10-14 20:00:00+00:00,5.005834991049618,20
2022-10-14 21:00:00+00:00,4.836218218206109,21
2022-10-14 22:00:00+00:00,0.2952015993325611,22
2022-10-14 23:00:00+00:00,5.96224146171171,23
2022-10-15 00:00:00+00:00,6.595158345611665,0
2022-10-15 01:00:00+00:00,5.874646903627745,1
2022-10-15 02:00:00+00:00,1.7975159343922242,2
2022-10-15 03:00:00+00:00,5.0276810733598865,3
2022-10-15 04:00:00+00:00,4.178664952379499,4
2022-10-15 05:00:00+00:00,7.228737735298695,5
2022-10-15 06:00:00+00:00,23.152655826102475,6
2022-10-15 07:00:00+00:00,21.64815297079714,7
2022-10-15 08:00:00+00:00,24.72478978075448,8
2022-10-15 09:00:00+00:00,26.258456484318927,9
2022-10-15 10:00:00+00:00,29.58674799656921,10
2022-10-15 11:00:00+00:00,19.73341297030659,11
2022-10-15 12:00:00+00:00,7.688379339705054,12
2022-10-15 13:00:00+00:00,9.479868870557674,13
2022-10-15 14:00:00+00:00,20.26226472321676,14
2022-10-15 15:00:00+00:00,5.269134005742356,15
2022-10-15 16:00:00+00:00,21.482842844290293,16
2022-10-15 17:00:00+00:00,23.336305522141103,17
2022-10-15 18:00:00+00:00,30.097694808351616,18
2022-10-15 19:00:00+00:00,32.1460838653262,19
2022-10-15 20:00:00+00:00,29.709061580934804,20
2022-10-15 21:00:00+00:00,9.893965765387591,21
2022-10-15 22:00:00+00:00,7.891321880654532,22
2022-10-15 23:00:00+00:00,13.081376141063958,23
2022-10-16 00:00:00+00:00,26.55228037311288,0
2022-10-16 01:00:00+00:00,27.27584668140294,1
2022-10-16 02:00:00+00:00,40.58953240660952,2
2022-10-16 03:00:00+00:00,37.77473345336121,3
2022-10-16 04:00:00+00:00,35.300921920920395,4
2022-10-16 05:00:00+00:00,23.989187811448623,5
2022-10-16 06:00:00+00:00,18.976694398611603,6
2022-10-16 07:00:00+00:00,14.132418762296592,7
2022-10-16 08:00:00+00:00,16.584021950649348,8
2022-10-16 09:00:00+00:00,17.528292377476053,9
2022-10-16 10:00:00+00:00,16.454253391079014,10
2022-10-16 11:00:00+00:00,17.15079877030757,11
2022-10-16 12:00:00+00:00,15.788682164565419,12
2022-10-16 13:00:00+00:00,16.113686597824323,13
2022-10-16 14:00:00+00:00,13.982955648230092,14
2022-10-16 15:00:00+00:00,4.160378167311027,15
2022-10-16 16:00:00+00:00,12.836920120144176,16
2022-10-16 17:00:00+00:00,11.06536303028982,17
2022-10-16 18:00:00+00:00,0.6764710592908206,18
2022-10-16 19:00:00+00:00,5.107412581051322,19
2022-10-16 20:00:00+00:00,14.679631498609814,20
2022-10-16 21:00:00+00:00,7.24215221039573,21
2022-10-16 22:00:00+00:00,0.18655753051978305,22
2022-10-16 23:00:00+00:00,4.701338654771103,23
2022-10-17 00:00:00+00:00,22.6840034573714,0
2022-10-17 01:00:00+00:00,25.45157012034608,1
2022-10-17 02:00:00+00:00,32.371097280028515,2
2022-10-17 03:00:00+00:00,36.27564890013905,3
2022-10-17 04:00:00+00:00,35.760192927610746,4
2022-10-17 05:00:00+00:00,26.370055813892808,5
2022-10-17 06:00:00+00:00,18.357954346488437,6
2022-10-17 07:00:00+00:00,21.636440425629992,7
2022-10-17 08:00:00+00:00,16.98746243407539,8
2022-10-17 09:00:00+00:00,17.46297573162838,9
2022-10-17 10:00:00+00:00,18.094202442089085,10
2022-10-17 11:00:00+00:00,16.75060297967283,11
2022-10-17 12:00:00+00:00,15.425926018365264,12
2022-10-17 13:00:00+00:00,15.972489738394971,13
2022-10-17 14:00:00+00:00,15.108547537827047,14
2022-10-17 15:00:00+00:00,5.391282305346893,15
2022-10-17 16:00:00+00:00,12.030051259202379,16
2022-10-17 17:00:00+00:00,23.442358497182813,17
2022-10-17 18:00:00+00:00,22.5902069790868,18
2022-10-17 19:00:00+00:00,27.40267192510006,19
2022-10-17 20:00:00+00:00,29.977773147637123,20
2022-10-17 21:00:00+00:00,2.704210768562942,21
2022-10-17 22:00:00+00:00,7.1860575163382245,22
2022-10-17 23:00:00+00:00,25.61436704723751,23
2022-10-18 00:00:00+00:00,35.29619878982984,0
2022-10-18 01:00:00+00:00,54.23826518086874,1
2022-10-18 02:00:00+00:00,54.89566389053557,2
2022-10-18 03:00:00+00:00,54.35013826845353,3
2022-10-18 04:00:00+00:00,72.33328053979201,4
2022-10-18 05:00:00+00:00,52.146629389469226,5
2022-10-18 06:00:00+00:00,13.285678258472158,6
2022-10-18 07:00:00+00:00,13.775934096923715,7
2022-10-18 08:00:00+00:00,6.998816644606752,8
2022-10-18 09:00:00+00:00,11.470013888316121,9
2022-10-18 10:00:00+00:00,12.774439657532783,10
2022-10-18 11:00:00+00:00,15.215107401286327,11
2022-10-18 12:00:00+00:00,11.250442387825498,12
2022-10-18 13:00:00+00:00,13.72630358370501,13
2022-10-18 14:00:00+00:00,14.023746774437424,14
2022-10-18 15:00:00+00:00,9.008822804322,15
2022-10-18 16:00:00+00:00,13.567623030652099,16
2022-10-18 17:00:00+00:00,24.24688775651913,17
2022-10-18 18:00:00+00:00,21.726534567497612,18
2022-10-18 19:00:00+00:00,24.27239044825658,19
2022-10-18 20:00:00+00:00,22.03695223143993,20
2022-10-18 21:00:00+00:00,1.8575726864859377,21
2022-10-18 22:00:00+00:00,15.831326588203702,22
2022-10-18 23:00:00+00:00,20.937649835755455,23
2022-10-19 00:00:00+00:00,48.23782107636577,0
2022-10-19 01:00:00+00:00,66.77691376165549,1
2022-10-19 02:00:00+00:00,79.25788849100655,2
2022-10-19 03:00:00+00:00,91.97925750483546,3
2022-10-19 04:00:00+00:00,69.62993333261504,4
2022-10-19 05:00:00+00:00,56.105128905636235,5
2022-10-19 06:00:00+00:00,18.707166731226412,6
2022-10-19 07:00:00+00:00,13.416398574731433,7
2022-10-19 08:00:00+00:00,8.903259006152775,8
2022-10-19 09:00:00+00:00,12.66730761409195,9
2022-10-19 10:00:00+00:00,11.906673533297301,10
2022-10-19 11:00:00+00:00,14.979027067195336,11
2022-10-19 12:00:00+00:00,16.44868013403077,12
2022-10-19 13:00:00+00:00,13.540325262309553,13
2022-10-19 14:00:00+00:00,13.739062012858982,14
2022-10-19 15:00:00+00:00,7.145309572584463,15
2022-10-19 16:00:00+00:00,11.173726198280246,16
2022-10-19 17:00:00+00:00,9.099629650790199,17
2022-10-19 18:00:00+00:00,27.92582341378426,18
2022-10-19 19:00:00+00:00,21.14233126942694,19
2022-10-19 20:00:00+00:00,10.787184320911283,20
2022-10-19 21:00:00+00:00,14.603807116183177,21
2022-10-19 22:00:00+00:00,19.011734330315956,22
2022-10-19 23:00:00+00:00,16.11278790128637,23
2022-10-20 00:00:00+00:00,11.707928218959148,0
2022-10-20 01:00:00+00:00,6.45277687799065,1
2022-10-20 02:00:00+00:00,6.792400058597302,2
2022-10-20 03:00:00+00:00,10.629185652997448,3
2022-10-20 04:00:00+00:00,4.978163493315636,4
2022-10-20 05:00:00+00:00,10.926274303164204,5
2022-10-20 06:00:00+00:00,33.259611909058975,6
2022-10-20 07:00:00+00:00,28.198570654108213,7
2022-10-20 08:00:00+00:00,24.55495602024711,8
2022-10-20 09:00:00+00:00,22.236798432091547,9
2022-10-20 10:00:00+00:00,22.20509285193703,10
2022-10-20 11:00:00+00:00,21.854098416567393,11
2022-10-20 12:00:00+00:00,21.12307593711538,12
2022-10-20 13:00:00+00:00,22.22762037472057,13
2022-10-20 14:00:00+00:00,17.18438298091837,14
2022-10-20 15:00:00+00:00,1.0432509813193462,15
2022-10-20 16:00:00+00:00,2.859363581448978,16
2022-10-20 17:00:00+00:00,10.929712344269781,17
2022-10-20 18:00:00+00:00,0.4189285989028191,18
2022-10-20 19:00:00+00:00,7.992510535614553,19
2022-10-20 20:00:00+00:00,20.890542677849776,20
2022-10-20 21:00:00+00:00,1.7269426908484284,21
2022-10-20 22:00:00+00:00,4.687288632570063,22
2022-10-20 23:00:00+00:00,8.96840185540552,23
2022-10-21 00:00:00+00:00,28.218543636102506,0
2022-10-21 01:00:00+00:00,29.57053127572377,1
2022-10-21 02:00:00+00:00,39.365921731364836,2
2022-10-21 03:00:00+00:00,39.768410910731724,3
2022-10-21 04:00:00+00:00,43.189651610659254,4
2022-10-21 05:00:00+00:00,35.36245412129322,5
2022-10-21 06:00:00+00:00,22.669185322985555,6
2022-10-21 07:00:00+00:00,26.49989840057928,7
2022-10-21 08:00:00+00:00,18.992702061630688,8
2022-10-21 09:00:00+00:00,20.615021636510235,9
2022-10-21 10:00:00+00:00,22.065913088858753,10
2022-10-21 11:00:00+00:00,22.018607632422878,11
2022-10-21 12:00:00+00:00,18.76717351184989,12
2022-10-21 13:00:00+00:00,18.378318134436487,13
2022-10-21 14:00:00+00:00,15.903412538616257,14
2022-10-21 15:00:00+00:00,2.246351513503081,15
2022-10-21 16:00:00+00:00,11.25376420304517,16
2022-10-21 17:00:00+00:00,18.443265495274005,17
2022-10-21 18:00:00+00:00,29.344041108368828,18
2022-10-21 19:00:00+00:00,32.977173825520964,19
2022-10-21 20:00:00+00:00,31.424100289127203,20
2022-10-21 21:00:00+00:00,9.052959820759195,21
2022-10-21 22:00:00+00:00,7.213789339968161,22
2022-10-21 23:00:00+00:00,16.060708685586274,23
2022-10-22 00:00:00+00:00,24.837868893521563,0
2022-10-22 01:00:00+00:00,33.1930176580656,1
2022-10-22 02:00:00+00:00,41.59630721956429,2
2022-10-22 03:00:00+00:00,47.38887670103527,3
2022-10-22 04:00:00+00:00,38.15354459624018,4
2022-10-22 05:00:00+00:00,38.310941207595604,5
2022-10-22 06:00:00+00:00,10.937675843536551,6
2022-10-22 07:00:00+00:00,1.6171836275799996,7
2022-10-22 08:00:00+00:00,17.529121104451452,8
2022-10-22 09:00:00+00:00,5.612067533563899,9
2022-10-22 10:00:00+00:00,5.799139518538979,10
2022-10-22 11:00:00+00:00,7.955784954757,11
2022-10-22 12:00:00+00:00,6.117808881672959,12
2022-10-22 13:00:00+00:00,9.411890475653289,13
2022-10-22 14:00:00+00:00,5.129492683668011,14
2022-10-22 15:00:00+00:00,15.654423300799683,15
2022-10-22 16:00:00+00:00,27.204365558273373,16
2022-10-22 17:00:00+00:00,30.60574871330861,17
2022-10-22 18:00:00+00:00,33.167258216792085,18
2022-10-22 19:00:00+00:00,35.708562252508706,19
2022-10-22 20:00:00+00:00,39.6248547124784,20
2022-10-22 21:00:00+00:00,12.620002950590292,21
2022-10-22 22:00:00+00:00,2.877733695370021,22
2022-10-22 23:00:00+00:00,11.67990255640498,23
2022-10-23 00:00:00+00:00,25.76188676311535,0
2022-10-23 01:00:00+00:00,28.841889890020134,1
2022-10-23 02:00:00+00:00,56.157440129248926,2
2022-10-23 03:00:00+00:00,55.914548417742026,3
2022-10-23 04:00:00+00:00,66.59496756670126,4
2022-10-23 05:00:00+00:00,48.703094603368555,5
2022-10-23 06:00:00+00:00,3.4378031690056177,6
2022-10-23 07:00:00+00:00,0.3891384117306255,7
2022-10-23 08:00:00+00:00,2.156406068074342,8
2022-10-23 09:00:00+00:00,2.795322254139802,9
2022-10-23 10:00:00+00:00,1.2902967173221924,10
2022-10-23 11:00:00+00:00,2.2478058075990126,11
2022-10-23 12:00:00+00:00,6.616385392991776,12
2022-10-23 13:00:00+00:00,8.41585867752594,13
2022-10-23 14:00:00+00:00,7.436649372133236,14
2022-10-23 15:00:00+00:00,6.244601598248935,15
2022-10-23 16:00:00+00:00,6.691394342478317,16
2022-10-23 17:00:00+00:00,9.520517841909601,17
2022-10-23 18:00:00+00:00,21.828059694228312,18
2022-10-23 19:00:00+00:00,25.518286789367284,19
2022-10-23 20:00:00+00:00,21.302947693719673,20
2022-10-23 21:00:00+00:00,4.410716104716317,21
2022-10-23 22:00:00+00:00,13.194024200215773,22
2022-10-23 23:00:00+00:00,18.90108382709656,23
2022-10-24 00:00:00+00:00,30.252899925470665,0
2022-10-24 01:00:00+00:00,33.82984379411958,1
2022-10-24 02:00:00+00:00,38.2436948670979,2
2022-10-24 03:00:00+00:00,39.0731630560403,3
2022-10-24 04:00:00+00:00,42.45475442742902,4
2022-10-24 05:00:00+00:00,36.135924073510274,5
2022-10-24 06:00:00+00:00,3.3804494499385966,6
2022-10-24 07:00:00+00:00,12.531112481719775,7
2022-10-24 08:00:00+00:00,8.142268427355626,8
2022-10-24 09:00:00+00:00,9.198903960379194,9
2022-10-24 10:00:00+00:00,12.820491817859011,10
2022-10-24 11:00:00+00:00,12.572214622157215,11
2022-10-24 12:00:00+00:00,12.225891536911838,12
2022-10-24 13:00:00+00:00,12.487081068239018,13
2022-10-24 14:00:00+00:00,9.627404600290488,14
2022-10-24 15:00:00+00:00,11.63216723834421,15
2022-10-24 16:00:00+00:00,22.776782254121876,16
2022-10-24 17:00:00+00:00,30.326049946578067,17
2022-10-24 18:00:00+00:00,34.53391804863767,18
2022-10-24 19:00:00+00:00,40.70811308850382,19
2022-10-24 20:00:00+00:00,41.5024023300882,20
2022-10-24 21:00:00+00:00,12.414602311453365,21
2022-10-24 22:00:00+00:00,1.691528657057237,22
2022-10-24 23:00:00+00:00,16.860211278179854,23
2022-10-25 00:00:00+00:00,27.761293063410548,0
2022-10-25 01:00:00+00:00,35.05148330342965,1
2022-10-25 02:00:00+00:00,45.60030496008891,2
2022-10-25 03:00:00+00:00,46.74325199351225,3
2022-10-25 04:00:00+00:00,56.11602072949553,4
2022-10-25 05:00:00+00:00,40.726864550923736,5
2022-10-25 06:00:00+00:00,2.8263955091218746,6
2022-10-25 07:00:00+00:00,2.6834498637989794,7
2022-10-25 08:00:00+00:00,7.964070496514286,8
2022-10-25 09:00:00+00:00,8.341207078253067,9
2022-10-25 10:00:00+00:00,6.387657461519877,10
2022-10-25 11:00:00+00:00,7.91441536385679,11
2022-10-25 12:00:00+00:00,9.17714124483478,12
2022-10-25 13:00:00+00:00,11.960951733361274,13
2022-10-25 14:00:00+00:00,8.383101341840735,14
2022-10-25 15:00:00+00:00,15.25832584459268,15
2022-10-25 16:00:00+00:00,17.729817444061585,16
2022-10-25 17:00:00+00:00,24.339506305035812,17
2022-10-25 18:00:00+00:00,26.669938204820852,18
2022-10-25 19:00:00+00:00,19.168471802154077,19
2022-10-25 20:00:00+00:00,24.726623757821887,20
2022-10-25 21:00:00+00:00,25.42035031032135,21
2022-10-25 22:00:00+00:00,32.290532958735135,22
2022-10-25 23:00:00+00:00,35.373164455192054,23
2022-10-26 00:00:00+00:00,37.76144021431102,0
2022-10-26 01:00:00+00:00,52.44072112688053,1
2022-10-26 02:00:00+00:00,52.531354078584755,2
2022-10-26 03:00:00+00:00,62.37813272109495,3
2022-10-26 04:00:00+00:00,52.72076281192864,4
2022-10-26 05:00:00+00:00,54.33850112541126,5
2022-10-26 06:00:00+00:00,1.537179117250286,6
2022-10-26 07:00:00+00:00,6.686869955825747,7
2022-10-26 08:00:00+00:00,1.9758197486620659,8
2022-10-26 09:00:00+00:00,5.71702428923158,9
2022-10-26 10:00:00+00:00,6.406576822208862,10
2022-10-26 11:00:00+00:00,8.023721424029766,11
2022-10-26 12:00:00+00:00,8.66674690776758,12
2022-10-26 13:00:00+00:00,8.420540509601535,13
2022-10-26 14:00:00+00:00,5.907738177544809,14
2022-10-26 15:00:00+00:00,10.767605020099728,15
2022-10-26 16:00:00+00:00,11.59076280243645,16
2022-10-26 17:00:00+00:00,13.83762300443884,17
2022-10-26 18:00:00+00:00,18.599592233652682,18
2022-10-26 19:00:00+00:00,10.205043437581494,19
2022-10-26 20:00:00+00:00,16.73847600817334,20
2022-10-26 21:00:00+00:00,10.32100033189731,21
2022-10-26 22:00:00+00:00,20.351193103214555,22
2022-10-26 23:00:00+00:00,24.318267371703254,23
2022-10-27 00:00:00+00:00,19.120271740762817,0
2022-10-27 01:00:00+00:00,26.502364261981803,1
2022-10-27 02:00:00+00:00,11.0139327426865,2
2022-10-27 03:00:00+00:00,21.554127803342084,3
2022-10-27 04:00:00+00:00,25.87911111055749,4
2022-10-27 05:00:00+00:00,6.506301266664238,5
2022-10-27 06:00:00+00:00,18.856572514577692,6
2022-10-27 07:00:00+00:00,21.39848810584346,7
2022-10-27 08:00:00+00:00,13.00180277942357,8
2022-10-27 09:00:00+00:00,16.011311668024277,9
2022-10-27 10:00:00+00:00,17.23084639309445,10
2022-10-27 11:00:00+00:00,16.857647969906967,11
2022-10-27 12:00:00+00:00,16.638045326957517,12
2022-10-27 13:00:00+00:00,14.972526035818584,13
2022-10-27 14:00:00+00:00,9.25941344536843,14
2022-10-27 15:00:00+00:00,2.692454000464519,15
2022-10-27 16:00:00+00:00,5.703264839783905,16
2022-10-27 17:00:00+00:00,15.718995479344287,17
